frame,Neutral,Happiness,Sadness,Surprise,Fear,Disgust,Anger
000001,0.636834,0.060293417,0.066664405,0.10134664,0.03577125,0.005584146,0.093506105
000002,0.636834,0.060293417,0.066664405,0.10134664,0.03577125,0.005584146,0.093506105
000003,0.636834,0.060293417,0.066664405,0.10134664,0.03577125,0.005584146,0.093506105
000004,0.636834,0.060293417,0.066664405,0.10134664,0.03577125,0.005584146,0.093506105
000005,0.636834,0.060293417,0.066664405,0.10134664,0.03577125,0.005584146,0.093506105
000006,0.636834,0.060293417,0.066664405,0.10134664,0.03577125,0.005584146,0.093506105
000007,0.636834,0.060293417,0.066664405,0.10134664,0.03577125,0.005584146,0.093506105
000008,0.636834,0.060293417,0.066664405,0.10134664,0.03577125,0.005584146,0.093506105
000009,0.636834,0.060293417,0.066664405,0.10134664,0.03577125,0.005584146,0.093506105
000010,0.636834,0.060293417,0.066664405,0.10134664,0.03577125,0.005584146,0.093506105
000011,0.636834,0.060293417,0.066664405,0.10134664,0.03577125,0.005584146,0.093506105
000012,0.636834,0.060293417,0.066664405,0.10134664,0.03577125,0.005584146,0.093506105
000013,0.636834,0.060293417,0.066664405,0.10134664,0.03577125,0.005584146,0.093506105
000014,0.636834,0.060293417,0.066664405,0.10134664,0.03577125,0.005584146,0.093506105
000015,0.636834,0.060293417,0.066664405,0.10134664,0.03577125,0.005584146,0.093506105
000016,0.64309156,0.042903103,0.07000392,0.09420563,0.043484822,0.005804628,0.10050638
000017,0.64309156,0.042903103,0.07000392,0.09420563,0.043484822,0.005804628,0.10050638
000018,0.64309156,0.042903103,0.07000392,0.09420563,0.043484822,0.005804628,0.10050638
000019,0.64309156,0.042903103,0.07000392,0.09420563,0.043484822,0.005804628,0.10050638
000020,0.64309156,0.042903103,0.07000392,0.09420563,0.043484822,0.005804628,0.10050638
000021,0.64309156,0.042903103,0.07000392,0.09420563,0.043484822,0.005804628,0.10050638
000022,0.64309156,0.042903103,0.07000392,0.09420563,0.043484822,0.005804628,0.10050638
000023,0.64309156,0.042903103,0.07000392,0.09420563,0.043484822,0.005804628,0.10050638
000024,0.64309156,0.042903103,0.07000392,0.09420563,0.043484822,0.005804628,0.10050638
000025,0.64309156,0.042903103,0.07000392,0.09420563,0.043484822,0.005804628,0.10050638
000026,0.64309156,0.042903103,0.07000392,0.09420563,0.043484822,0.005804628,0.10050638
000027,0.64309156,0.042903103,0.07000392,0.09420563,0.043484822,0.005804628,0.10050638
000028,0.64309156,0.042903103,0.07000392,0.09420563,0.043484822,0.005804628,0.10050638
000029,0.64934903,0.025512792,0.07334343,0.08706462,0.051198397,0.00602511,0.107506655
000030,0.64934903,0.025512792,0.07334343,0.08706462,0.051198397,0.00602511,0.107506655
000031,0.6548714,0.024136351,0.08038724,0.081265,0.050327644,0.006501482,0.1025109
000032,0.6548714,0.024136351,0.08038724,0.081265,0.050327644,0.006501482,0.1025109
000033,0.6548714,0.024136351,0.08038724,0.081265,0.050327644,0.006501482,0.1025109
000034,0.6548714,0.024136351,0.08038724,0.081265,0.050327644,0.006501482,0.1025109
000035,0.6548714,0.024136351,0.08038724,0.081265,0.050327644,0.006501482,0.1025109
000036,0.6548714,0.024136351,0.08038724,0.081265,0.050327644,0.006501482,0.1025109
000037,0.6548714,0.024136351,0.08038724,0.081265,0.050327644,0.006501482,0.1025109
000038,0.6548714,0.024136351,0.08038724,0.081265,0.050327644,0.006501482,0.1025109
000039,0.6548714,0.024136351,0.08038724,0.081265,0.050327644,0.006501482,0.1025109
000040,0.6548714,0.024136351,0.08038724,0.081265,0.050327644,0.006501482,0.1025109
000041,0.6548714,0.024136351,0.08038724,0.081265,0.050327644,0.006501482,0.1025109
000042,0.6548714,0.024136351,0.08038724,0.081265,0.050327644,0.006501482,0.1025109
000043,0.6548714,0.024136351,0.08038724,0.081265,0.050327644,0.006501482,0.1025109
000044,0.6603938,0.02275991,0.08743105,0.075465396,0.049456887,0.0069778534,0.09751515
000045,0.6603938,0.02275991,0.08743105,0.075465396,0.049456887,0.0069778534,0.09751515
000046,0.6569005,0.022304984,0.09056784,0.07467331,0.05123301,0.007123323,0.09719697
000047,0.6569005,0.022304984,0.09056784,0.07467331,0.05123301,0.007123323,0.09719697
000048,0.6569005,0.022304984,0.09056784,0.07467331,0.05123301,0.007123323,0.09719697
000049,0.6569005,0.022304984,0.09056784,0.07467331,0.05123301,0.007123323,0.09719697
000050,0.6569005,0.022304984,0.09056784,0.07467331,0.05123301,0.007123323,0.09719697
000051,0.6569005,0.022304984,0.09056784,0.07467331,0.05123301,0.007123323,0.09719697
000052,0.6569005,0.022304984,0.09056784,0.07467331,0.05123301,0.007123323,0.09719697
000053,0.6569005,0.022304984,0.09056784,0.07467331,0.05123301,0.007123323,0.09719697
000054,0.6569005,0.022304984,0.09056784,0.07467331,0.05123301,0.007123323,0.09719697
000055,0.6569005,0.022304984,0.09056784,0.07467331,0.05123301,0.007123323,0.09719697
000056,0.6569005,0.022304984,0.09056784,0.07467331,0.05123301,0.007123323,0.09719697
000057,0.6569005,0.022304984,0.09056784,0.07467331,0.05123301,0.007123323,0.09719697
000058,0.6569005,0.022304984,0.09056784,0.07467331,0.05123301,0.007123323,0.09719697
000059,0.65340734,0.021850057,0.093704626,0.07388123,0.05300913,0.007268793,0.09687878
000060,0.65340734,0.021850057,0.093704626,0.07388123,0.05300913,0.007268793,0.09687878
000061,0.6516448,0.022049226,0.0876337,0.07777044,0.05404888,0.0068162605,0.10003665
000062,0.6516448,0.022049226,0.0876337,0.07777044,0.05404888,0.0068162605,0.10003665
000063,0.6516448,0.022049226,0.0876337,0.07777044,0.05404888,0.0068162605,0.10003665
000064,0.6516448,0.022049226,0.0876337,0.07777044,0.05404888,0.0068162605,0.10003665
000065,0.6516448,0.022049226,0.0876337,0.07777044,0.05404888,0.0068162605,0.10003665
000066,0.6516448,0.022049226,0.0876337,0.07777044,0.05404888,0.0068162605,0.10003665
000067,0.6516448,0.022049226,0.0876337,0.07777044,0.05404888,0.0068162605,0.10003665
000068,0.6516448,0.022049226,0.0876337,0.07777044,0.05404888,0.0068162605,0.10003665
000069,0.6516448,0.022049226,0.0876337,0.07777044,0.05404888,0.0068162605,0.10003665
000070,0.6516448,0.022049226,0.0876337,0.07777044,0.05404888,0.0068162605,0.10003665
000071,0.6516448,0.022049226,0.0876337,0.07777044,0.05404888,0.0068162605,0.10003665
000072,0.6516448,0.022049226,0.0876337,0.07777044,0.05404888,0.0068162605,0.10003665
000073,0.6516448,0.022049226,0.0876337,0.07777044,0.05404888,0.0068162605,0.10003665
000074,0.64988226,0.022248395,0.08156277,0.08165965,0.055088636,0.006363728,0.10319453
000075,0.64988226,0.022248395,0.08156277,0.08165965,0.055088636,0.006363728,0.10319453
000076,0.6483524,0.022142923,0.08145116,0.08116953,0.05541699,0.0064365123,0.10503046
000077,0.6483524,0.022142923,0.08145116,0.08116953,0.05541699,0.0064365123,0.10503046
000078,0.6483524,0.022142923,0.08145116,0.08116953,0.05541699,0.0064365123,0.10503046
000079,0.6483524,0.022142923,0.08145116,0.08116953,0.05541699,0.0064365123,0.10503046
000080,0.6483524,0.022142923,0.08145116,0.08116953,0.05541699,0.0064365123,0.10503046
000081,0.6483524,0.022142923,0.08145116,0.08116953,0.05541699,0.0064365123,0.10503046
000082,0.6483524,0.022142923,0.08145116,0.08116953,0.05541699,0.0064365123,0.10503046
000083,0.6483524,0.022142923,0.08145116,0.08116953,0.05541699,0.0064365123,0.10503046
000084,0.6483524,0.022142923,0.08145116,0.08116953,0.05541699,0.0064365123,0.10503046
000085,0.6483524,0.022142923,0.08145116,0.08116953,0.05541699,0.0064365123,0.10503046
000086,0.6483524,0.022142923,0.08145116,0.08116953,0.05541699,0.0064365123,0.10503046
000087,0.6483524,0.022142923,0.08145116,0.08116953,0.05541699,0.0064365123,0.10503046
000088,0.6483524,0.022142923,0.08145116,0.08116953,0.05541699,0.0064365123,0.10503046
000089,0.6468226,0.02203745,0.08133955,0.0806794,0.055745345,0.0065092966,0.106866404
000090,0.6468226,0.02203745,0.08133955,0.0806794,0.055745345,0.0065092966,0.106866404
000091,0.6503544,0.022286747,0.07861834,0.08096782,0.054834113,0.0064201998,0.10651842
000092,0.6503544,0.022286747,0.07861834,0.08096782,0.054834113,0.0064201998,0.10651842
000093,0.6503544,0.022286747,0.07861834,0.08096782,0.054834113,0.0064201998,0.10651842
000094,0.6503544,0.022286747,0.07861834,0.08096782,0.054834113,0.0064201998,0.10651842
000095,0.6503544,0.022286747,0.07861834,0.08096782,0.054834113,0.0064201998,0.10651842
000096,0.6503544,0.022286747,0.07861834,0.08096782,0.054834113,0.0064201998,0.10651842
000097,0.6503544,0.022286747,0.07861834,0.08096782,0.054834113,0.0064201998,0.10651842
000098,0.6503544,0.022286747,0.07861834,0.08096782,0.054834113,0.0064201998,0.10651842
000099,0.6503544,0.022286747,0.07861834,0.08096782,0.054834113,0.0064201998,0.10651842
000100,0.6503544,0.022286747,0.07861834,0.08096782,0.054834113,0.0064201998,0.10651842
000101,0.6503544,0.022286747,0.07861834,0.08096782,0.054834113,0.0064201998,0.10651842
000102,0.6503544,0.022286747,0.07861834,0.08096782,0.054834113,0.0064201998,0.10651842
000103,0.6503544,0.022286747,0.07861834,0.08096782,0.054834113,0.0064201998,0.10651842
000104,0.6538862,0.022536041,0.07589713,0.08125624,0.05392288,0.0063311034,0.10617044
000105,0.6538862,0.022536041,0.07589713,0.08125624,0.05392288,0.0063311034,0.10617044
000106,0.6597116,0.023727834,0.07666766,0.07999171,0.05140984,0.0062249117,0.10226646
000107,0.6597116,0.023727834,0.07666766,0.07999171,0.05140984,0.0062249117,0.10226646
000108,0.6597116,0.023727834,0.07666766,0.07999171,0.05140984,0.0062249117,0.10226646
000109,0.6597116,0.023727834,0.07666766,0.07999171,0.05140984,0.0062249117,0.10226646
000110,0.6597116,0.023727834,0.07666766,0.07999171,0.05140984,0.0062249117,0.10226646
000111,0.6597116,0.023727834,0.07666766,0.07999171,0.05140984,0.0062249117,0.10226646
000112,0.6597116,0.023727834,0.07666766,0.07999171,0.05140984,0.0062249117,0.10226646
000113,0.6597116,0.023727834,0.07666766,0.07999171,0.05140984,0.0062249117,0.10226646
000114,0.6597116,0.023727834,0.07666766,0.07999171,0.05140984,0.0062249117,0.10226646
000115,0.6597116,0.023727834,0.07666766,0.07999171,0.05140984,0.0062249117,0.10226646
000116,0.6597116,0.023727834,0.07666766,0.07999171,0.05140984,0.0062249117,0.10226646
000117,0.6597116,0.023727834,0.07666766,0.07999171,0.05140984,0.0062249117,0.10226646
000118,0.6597116,0.023727834,0.07666766,0.07999171,0.05140984,0.0062249117,0.10226646
000119,0.66553706,0.024919625,0.07743819,0.07872719,0.0488968,0.0061187195,0.09836249
000120,0.66553706,0.024919625,0.07743819,0.07872719,0.0488968,0.0061187195,0.09836249
000121,0.64994293,0.048155293,0.07297462,0.08689611,0.041463107,0.0060741,0.09449385
000122,0.64994293,0.048155293,0.07297462,0.08689611,0.041463107,0.0060741,0.09449385
000123,0.64994293,0.048155293,0.07297462,0.08689611,0.041463107,0.0060741,0.09449385
000124,0.64994293,0.048155293,0.07297462,0.08689611,0.041463107,0.0060741,0.09449385
000125,0.64994293,0.048155293,0.07297462,0.08689611,0.041463107,0.0060741,0.09449385
000126,0.64994293,0.048155293,0.07297462,0.08689611,0.041463107,0.0060741,0.09449385
000127,0.64994293,0.048155293,0.07297462,0.08689611,0.041463107,0.0060741,0.09449385
000128,0.64994293,0.048155293,0.07297462,0.08689611,0.041463107,0.0060741,0.09449385
000129,0.64994293,0.048155293,0.07297462,0.08689611,0.041463107,0.0060741,0.09449385
000130,0.64994293,0.048155293,0.07297462,0.08689611,0.041463107,0.0060741,0.09449385
000131,0.64994293,0.048155293,0.07297462,0.08689611,0.041463107,0.0060741,0.09449385
000132,0.64994293,0.048155293,0.07297462,0.08689611,0.041463107,0.0060741,0.09449385
000133,0.64994293,0.048155293,0.07297462,0.08689611,0.041463107,0.0060741,0.09449385
000134,0.6343488,0.07139096,0.068511054,0.09506503,0.034029417,0.00602948,0.09062521
000135,0.6343488,0.07139096,0.068511054,0.09506503,0.034029417,0.00602948,0.09062521
000136,0.45098191,0.29361653,0.052277483,0.10547941,0.02300838,0.005867962,0.06876837
000137,0.45098191,0.29361653,0.052277483,0.10547941,0.02300838,0.005867962,0.06876837
000138,0.45098191,0.29361653,0.052277483,0.10547941,0.02300838,0.005867962,0.06876837
000139,0.45098191,0.29361653,0.052277483,0.10547941,0.02300838,0.005867962,0.06876837
000140,0.45098191,0.29361653,0.052277483,0.10547941,0.02300838,0.005867962,0.06876837
000141,0.45098191,0.29361653,0.052277483,0.10547941,0.02300838,0.005867962,0.06876837
000142,0.45098191,0.29361653,0.052277483,0.10547941,0.02300838,0.005867962,0.06876837
000143,0.45098191,0.29361653,0.052277483,0.10547941,0.02300838,0.005867962,0.06876837
000144,0.45098191,0.29361653,0.052277483,0.10547941,0.02300838,0.005867962,0.06876837
000145,0.45098191,0.29361653,0.052277483,0.10547941,0.02300838,0.005867962,0.06876837
000146,0.45098191,0.29361653,0.052277483,0.10547941,0.02300838,0.005867962,0.06876837
000147,0.45098191,0.29361653,0.052277483,0.10547941,0.02300838,0.005867962,0.06876837
000148,0.45098191,0.29361653,0.052277483,0.10547941,0.02300838,0.005867962,0.06876837
000149,0.267615,0.5158421,0.03604391,0.115893796,0.011987342,0.005706443,0.04691152
000150,0.267615,0.5158421,0.03604391,0.115893796,0.011987342,0.005706443,0.04691152
000151,0.20359984,0.6001389,0.027390152,0.11514076,0.009897268,0.004930932,0.038902204
000152,0.20359984,0.6001389,0.027390152,0.11514076,0.009897268,0.004930932,0.038902204
000153,0.20359984,0.6001389,0.027390152,0.11514076,0.009897268,0.004930932,0.038902204
000154,0.20359984,0.6001389,0.027390152,0.11514076,0.009897268,0.004930932,0.038902204
000155,0.20359984,0.6001389,0.027390152,0.11514076,0.009897268,0.004930932,0.038902204
000156,0.20359984,0.6001389,0.027390152,0.11514076,0.009897268,0.004930932,0.038902204
000157,0.20359984,0.6001389,0.027390152,0.11514076,0.009897268,0.004930932,0.038902204
000158,0.20359984,0.6001389,0.027390152,0.11514076,0.009897268,0.004930932,0.038902204
000159,0.20359984,0.6001389,0.027390152,0.11514076,0.009897268,0.004930932,0.038902204
000160,0.20359984,0.6001389,0.027390152,0.11514076,0.009897268,0.004930932,0.038902204
000161,0.20359984,0.6001389,0.027390152,0.11514076,0.009897268,0.004930932,0.038902204
000162,0.20359984,0.6001389,0.027390152,0.11514076,0.009897268,0.004930932,0.038902204
000163,0.20359984,0.6001389,0.027390152,0.11514076,0.009897268,0.004930932,0.038902204
000164,0.1395847,0.68443567,0.018736396,0.11438772,0.0078071957,0.0041554216,0.030892888
000165,0.1395847,0.68443567,0.018736396,0.11438772,0.0078071957,0.0041554216,0.030892888
000166,0.18217716,0.5790318,0.02064969,0.16038239,0.012227403,0.0042397394,0.0412918
000167,0.18217716,0.5790318,0.02064969,0.16038239,0.012227403,0.0042397394,0.0412918
000168,0.18217716,0.5790318,0.02064969,0.16038239,0.012227403,0.0042397394,0.0412918
000169,0.18217716,0.5790318,0.02064969,0.16038239,0.012227403,0.0042397394,0.0412918
000170,0.18217716,0.5790318,0.02064969,0.16038239,0.012227403,0.0042397394,0.0412918
000171,0.18217716,0.5790318,0.02064969,0.16038239,0.012227403,0.0042397394,0.0412918
000172,0.18217716,0.5790318,0.02064969,0.16038239,0.012227403,0.0042397394,0.0412918
000173,0.18217716,0.5790318,0.02064969,0.16038239,0.012227403,0.0042397394,0.0412918
000174,0.18217716,0.5790318,0.02064969,0.16038239,0.012227403,0.0042397394,0.0412918
000175,0.18217716,0.5790318,0.02064969,0.16038239,0.012227403,0.0042397394,0.0412918
000176,0.18217716,0.5790318,0.02064969,0.16038239,0.012227403,0.0042397394,0.0412918
000177,0.18217716,0.5790318,0.02064969,0.16038239,0.012227403,0.0042397394,0.0412918
000178,0.18217716,0.5790318,0.02064969,0.16038239,0.012227403,0.0042397394,0.0412918
000179,0.22476962,0.47362804,0.022562984,0.20637704,0.01664761,0.004324057,0.05169071
000180,0.22476962,0.47362804,0.022562984,0.20637704,0.01664761,0.004324057,0.05169071
000181,0.18234259,0.5480842,0.018286306,0.19178602,0.013346471,0.0039671655,0.042187262
000182,0.18234259,0.5480842,0.018286306,0.19178602,0.013346471,0.0039671655,0.042187262
000183,0.18234259,0.5480842,0.018286306,0.19178602,0.013346471,0.0039671655,0.042187262
000184,0.18234259,0.5480842,0.018286306,0.19178602,0.013346471,0.0039671655,0.042187262
000185,0.18234259,0.5480842,0.018286306,0.19178602,0.013346471,0.0039671655,0.042187262
000186,0.18234259,0.5480842,0.018286306,0.19178602,0.013346471,0.0039671655,0.042187262
000187,0.18234259,0.5480842,0.018286306,0.19178602,0.013346471,0.0039671655,0.042187262
000188,0.18234259,0.5480842,0.018286306,0.19178602,0.013346471,0.0039671655,0.042187262
000189,0.18234259,0.5480842,0.018286306,0.19178602,0.013346471,0.0039671655,0.042187262
000190,0.18234259,0.5480842,0.018286306,0.19178602,0.013346471,0.0039671655,0.042187262
000191,0.18234259,0.5480842,0.018286306,0.19178602,0.013346471,0.0039671655,0.042187262
000192,0.18234259,0.5480842,0.018286306,0.19178602,0.013346471,0.0039671655,0.042187262
000193,0.18234259,0.5480842,0.018286306,0.19178602,0.013346471,0.0039671655,0.042187262
000194,0.13991556,0.62254035,0.014009629,0.177195,0.010045332,0.003610274,0.032683816
000195,0.13991556,0.62254035,0.014009629,0.177195,0.010045332,0.003610274,0.032683816
000196,0.11679307,0.6804452,0.011902064,0.15244484,0.0079145115,0.0032942742,0.027206084
000197,0.11679307,0.6804452,0.011902064,0.15244484,0.0079145115,0.0032942742,0.027206084
000198,0.11679307,0.6804452,0.011902064,0.15244484,0.0079145115,0.0032942742,0.027206084
000199,0.11679307,0.6804452,0.011902064,0.15244484,0.0079145115,0.0032942742,0.027206084
000200,0.11679307,0.6804452,0.011902064,0.15244484,0.0079145115,0.0032942742,0.027206084
000201,0.11679307,0.6804452,0.011902064,0.15244484,0.0079145115,0.0032942742,0.027206084
000202,0.11679307,0.6804452,0.011902064,0.15244484,0.0079145115,0.0032942742,0.027206084
000203,0.11679307,0.6804452,0.011902064,0.15244484,0.0079145115,0.0032942742,0.027206084
000204,0.11679307,0.6804452,0.011902064,0.15244484,0.0079145115,0.0032942742,0.027206084
000205,0.11679307,0.6804452,0.011902064,0.15244484,0.0079145115,0.0032942742,0.027206084
000206,0.11679307,0.6804452,0.011902064,0.15244484,0.0079145115,0.0032942742,0.027206084
000207,0.11679307,0.6804452,0.011902064,0.15244484,0.0079145115,0.0032942742,0.027206084
000208,0.11679307,0.6804452,0.011902064,0.15244484,0.0079145115,0.0032942742,0.027206084
000209,0.09367059,0.73835,0.009794498,0.1276947,0.005783692,0.0029782741,0.021728352
000210,0.09367059,0.73835,0.009794498,0.1276947,0.005783692,0.0029782741,0.021728352
000211,0.15363619,0.6561644,0.017679121,0.12978794,0.007879949,0.0038276962,0.031024754
000212,0.15363619,0.6561644,0.017679121,0.12978794,0.007879949,0.0038276962,0.031024754
000213,0.15363619,0.6561644,0.017679121,0.12978794,0.007879949,0.0038276962,0.031024754
000214,0.15363619,0.6561644,0.017679121,0.12978794,0.007879949,0.0038276962,0.031024754
000215,0.15363619,0.6561644,0.017679121,0.12978794,0.007879949,0.0038276962,0.031024754
000216,0.15363619,0.6561644,0.017679121,0.12978794,0.007879949,0.0038276962,0.031024754
000217,0.15363619,0.6561644,0.017679121,0.12978794,0.007879949,0.0038276962,0.031024754
000218,0.15363619,0.6561644,0.017679121,0.12978794,0.007879949,0.0038276962,0.031024754
000219,0.15363619,0.6561644,0.017679121,0.12978794,0.007879949,0.0038276962,0.031024754
000220,0.15363619,0.6561644,0.017679121,0.12978794,0.007879949,0.0038276962,0.031024754
000221,0.15363619,0.6561644,0.017679121,0.12978794,0.007879949,0.0038276962,0.031024754
000222,0.15363619,0.6561644,0.017679121,0.12978794,0.007879949,0.0038276962,0.031024754
000223,0.15363619,0.6561644,0.017679121,0.12978794,0.007879949,0.0038276962,0.031024754
000224,0.21360177,0.57397884,0.025563747,0.13188118,0.009976206,0.0046771183,0.040321156
000225,0.21360177,0.57397884,0.025563747,0.13188118,0.009976206,0.0046771183,0.040321156
000226,0.4093777,0.33020335,0.079857625,0.10037728,0.019389156,0.007569003,0.053225923
000227,0.4093777,0.33020335,0.079857625,0.10037728,0.019389156,0.007569003,0.053225923
000228,0.4093777,0.33020335,0.079857625,0.10037728,0.019389156,0.007569003,0.053225923
000229,0.4093777,0.33020335,0.079857625,0.10037728,0.019389156,0.007569003,0.053225923
000230,0.4093777,0.33020335,0.079857625,0.10037728,0.019389156,0.007569003,0.053225923
000231,0.4093777,0.33020335,0.079857625,0.10037728,0.019389156,0.007569003,0.053225923
000232,0.4093777,0.33020335,0.079857625,0.10037728,0.019389156,0.007569003,0.053225923
000233,0.4093777,0.33020335,0.079857625,0.10037728,0.019389156,0.007569003,0.053225923
000234,0.4093777,0.33020335,0.079857625,0.10037728,0.019389156,0.007569003,0.053225923
000235,0.4093777,0.33020335,0.079857625,0.10037728,0.019389156,0.007569003,0.053225923
000236,0.4093777,0.33020335,0.079857625,0.10037728,0.019389156,0.007569003,0.053225923
000237,0.4093777,0.33020335,0.079857625,0.10037728,0.019389156,0.007569003,0.053225923
000238,0.4093777,0.33020335,0.079857625,0.10037728,0.019389156,0.007569003,0.053225923
000239,0.6051536,0.086427875,0.1341515,0.06887337,0.028802104,0.010460888,0.06613069
000240,0.6051536,0.086427875,0.1341515,0.06887337,0.028802104,0.010460888,0.06613069
000241,0.5984657,0.058246348,0.16591305,0.059084553,0.03845622,0.012616431,0.06721771
000242,0.5984657,0.058246348,0.16591305,0.059084553,0.03845622,0.012616431,0.06721771
000243,0.5984657,0.058246348,0.16591305,0.059084553,0.03845622,0.012616431,0.06721771
000244,0.5984657,0.058246348,0.16591305,0.059084553,0.03845622,0.012616431,0.06721771
000245,0.5984657,0.058246348,0.16591305,0.059084553,0.03845622,0.012616431,0.06721771
000246,0.5984657,0.058246348,0.16591305,0.059084553,0.03845622,0.012616431,0.06721771
000247,0.5984657,0.058246348,0.16591305,0.059084553,0.03845622,0.012616431,0.06721771
000248,0.5984657,0.058246348,0.16591305,0.059084553,0.03845622,0.012616431,0.06721771
000249,0.5984657,0.058246348,0.16591305,0.059084553,0.03845622,0.012616431,0.06721771
000250,0.5984657,0.058246348,0.16591305,0.059084553,0.03845622,0.012616431,0.06721771
000251,0.5984657,0.058246348,0.16591305,0.059084553,0.03845622,0.012616431,0.06721771
000252,0.5984657,0.058246348,0.16591305,0.059084553,0.03845622,0.012616431,0.06721771
000253,0.5984657,0.058246348,0.16591305,0.059084553,0.03845622,0.012616431,0.06721771
000254,0.5917778,0.030064821,0.19767457,0.04929574,0.048110336,0.014771975,0.068304725
000255,0.5917778,0.030064821,0.19767457,0.04929574,0.048110336,0.014771975,0.068304725
000256,0.5376275,0.027645431,0.20392191,0.06010567,0.066789806,0.015743166,0.08816646
000257,0.5376275,0.027645431,0.20392191,0.06010567,0.066789806,0.015743166,0.08816646
000258,0.5376275,0.027645431,0.20392191,0.06010567,0.066789806,0.015743166,0.08816646
000259,0.5376275,0.027645431,0.20392191,0.06010567,0.066789806,0.015743166,0.08816646
000260,0.5376275,0.027645431,0.20392191,0.06010567,0.066789806,0.015743166,0.08816646
000261,0.5376275,0.027645431,0.20392191,0.06010567,0.066789806,0.015743166,0.08816646
000262,0.5376275,0.027645431,0.20392191,0.06010567,0.066789806,0.015743166,0.08816646
000263,0.5376275,0.027645431,0.20392191,0.06010567,0.066789806,0.015743166,0.08816646
000264,0.5376275,0.027645431,0.20392191,0.06010567,0.066789806,0.015743166,0.08816646
000265,0.5376275,0.027645431,0.20392191,0.06010567,0.066789806,0.015743166,0.08816646
000266,0.5376275,0.027645431,0.20392191,0.06010567,0.066789806,0.015743166,0.08816646
000267,0.5376275,0.027645431,0.20392191,0.06010567,0.066789806,0.015743166,0.08816646
000268,0.5376275,0.027645431,0.20392191,0.06010567,0.066789806,0.015743166,0.08816646
000269,0.48347726,0.02522604,0.21016926,0.0709156,0.085469276,0.016714359,0.108028196
000270,0.48347726,0.02522604,0.21016926,0.0709156,0.085469276,0.016714359,0.108028196
000271,0.47288787,0.0264721,0.20270908,0.07280229,0.08486707,0.017643578,0.122618034
000272,0.47288787,0.0264721,0.20270908,0.07280229,0.08486707,0.017643578,0.122618034
000273,0.47288787,0.0264721,0.20270908,0.07280229,0.08486707,0.017643578,0.122618034
000274,0.47288787,0.0264721,0.20270908,0.07280229,0.08486707,0.017643578,0.122618034
000275,0.47288787,0.0264721,0.20270908,0.07280229,0.08486707,0.017643578,0.122618034
000276,0.47288787,0.0264721,0.20270908,0.07280229,0.08486707,0.017643578,0.122618034
000277,0.47288787,0.0264721,0.20270908,0.07280229,0.08486707,0.017643578,0.122618034
000278,0.47288787,0.0264721,0.20270908,0.07280229,0.08486707,0.017643578,0.122618034
000279,0.47288787,0.0264721,0.20270908,0.07280229,0.08486707,0.017643578,0.122618034
000280,0.47288787,0.0264721,0.20270908,0.07280229,0.08486707,0.017643578,0.122618034
000281,0.47288787,0.0264721,0.20270908,0.07280229,0.08486707,0.017643578,0.122618034
000282,0.47288787,0.0264721,0.20270908,0.07280229,0.08486707,0.017643578,0.122618034
000283,0.47288787,0.0264721,0.20270908,0.07280229,0.08486707,0.017643578,0.122618034
000284,0.46229845,0.02771816,0.19524889,0.074688986,0.08426486,0.018572796,0.13720787
000285,0.46229845,0.02771816,0.19524889,0.074688986,0.08426486,0.018572796,0.13720787
000286,0.49375793,0.03483881,0.20333436,0.06676735,0.068199,0.019142408,0.11396015
000287,0.49375793,0.03483881,0.20333436,0.06676735,0.068199,0.019142408,0.11396015
000288,0.49375793,0.03483881,0.20333436,0.06676735,0.068199,0.019142408,0.11396015
000289,0.49375793,0.03483881,0.20333436,0.06676735,0.068199,0.019142408,0.11396015
000290,0.49375793,0.03483881,0.20333436,0.06676735,0.068199,0.019142408,0.11396015
000291,0.49375793,0.03483881,0.20333436,0.06676735,0.068199,0.019142408,0.11396015
000292,0.49375793,0.03483881,0.20333436,0.06676735,0.068199,0.019142408,0.11396015
000293,0.49375793,0.03483881,0.20333436,0.06676735,0.068199,0.019142408,0.11396015
000294,0.49375793,0.03483881,0.20333436,0.06676735,0.068199,0.019142408,0.11396015
000295,0.49375793,0.03483881,0.20333436,0.06676735,0.068199,0.019142408,0.11396015
000296,0.49375793,0.03483881,0.20333436,0.06676735,0.068199,0.019142408,0.11396015
000297,0.49375793,0.03483881,0.20333436,0.06676735,0.068199,0.019142408,0.11396015
000298,0.49375793,0.03483881,0.20333436,0.06676735,0.068199,0.019142408,0.11396015
000299,0.5252174,0.04195946,0.21141984,0.05884572,0.052133143,0.019712018,0.090712436
000300,0.5252174,0.04195946,0.21141984,0.05884572,0.052133143,0.019712018,0.090712436
000301,0.5246656,0.043945275,0.21971458,0.05561205,0.049561962,0.022086846,0.08441368
000302,0.5246656,0.043945275,0.21971458,0.05561205,0.049561962,0.022086846,0.08441368
000303,0.5246656,0.043945275,0.21971458,0.05561205,0.049561962,0.022086846,0.08441368
000304,0.5246656,0.043945275,0.21971458,0.05561205,0.049561962,0.022086846,0.08441368
000305,0.5246656,0.043945275,0.21971458,0.05561205,0.049561962,0.022086846,0.08441368
000306,0.5246656,0.043945275,0.21971458,0.05561205,0.049561962,0.022086846,0.08441368
000307,0.5246656,0.043945275,0.21971458,0.05561205,0.049561962,0.022086846,0.08441368
000308,0.5246656,0.043945275,0.21971458,0.05561205,0.049561962,0.022086846,0.08441368
000309,0.5246656,0.043945275,0.21971458,0.05561205,0.049561962,0.022086846,0.08441368
000310,0.5246656,0.043945275,0.21971458,0.05561205,0.049561962,0.022086846,0.08441368
000311,0.5246656,0.043945275,0.21971458,0.05561205,0.049561962,0.022086846,0.08441368
000312,0.5246656,0.043945275,0.21971458,0.05561205,0.049561962,0.022086846,0.08441368
000313,0.5246656,0.043945275,0.21971458,0.05561205,0.049561962,0.022086846,0.08441368
000314,0.52411383,0.045931086,0.22800933,0.052378375,0.046990782,0.024461674,0.07811493
000315,0.52411383,0.045931086,0.22800933,0.052378375,0.046990782,0.024461674,0.07811493
000316,0.49795914,0.046367206,0.25752378,0.04970219,0.048143797,0.026612185,0.07369174
000317,0.49795914,0.046367206,0.25752378,0.04970219,0.048143797,0.026612185,0.07369174
000318,0.49795914,0.046367206,0.25752378,0.04970219,0.048143797,0.026612185,0.07369174
000319,0.49795914,0.046367206,0.25752378,0.04970219,0.048143797,0.026612185,0.07369174
000320,0.49795914,0.046367206,0.25752378,0.04970219,0.048143797,0.026612185,0.07369174
000321,0.49795914,0.046367206,0.25752378,0.04970219,0.048143797,0.026612185,0.07369174
000322,0.49795914,0.046367206,0.25752378,0.04970219,0.048143797,0.026612185,0.07369174
000323,0.49795914,0.046367206,0.25752378,0.04970219,0.048143797,0.026612185,0.07369174
000324,0.49795914,0.046367206,0.25752378,0.04970219,0.048143797,0.026612185,0.07369174
000325,0.49795914,0.046367206,0.25752378,0.04970219,0.048143797,0.026612185,0.07369174
000326,0.49795914,0.046367206,0.25752378,0.04970219,0.048143797,0.026612185,0.07369174
000327,0.49795914,0.046367206,0.25752378,0.04970219,0.048143797,0.026612185,0.07369174
000328,0.49795914,0.046367206,0.25752378,0.04970219,0.048143797,0.026612185,0.07369174
000329,0.47180447,0.04680333,0.2870382,0.04702601,0.04929681,0.028762698,0.06926856
000330,0.47180447,0.04680333,0.2870382,0.04702601,0.04929681,0.028762698,0.06926856
000331,0.46815413,0.049779035,0.29604033,0.045520343,0.047726624,0.027704146,0.06507546
000332,0.46815413,0.049779035,0.29604033,0.045520343,0.047726624,0.027704146,0.06507546
000333,0.46815413,0.049779035,0.29604033,0.045520343,0.047726624,0.027704146,0.06507546
000334,0.46815413,0.049779035,0.29604033,0.045520343,0.047726624,0.027704146,0.06507546
000335,0.46815413,0.049779035,0.29604033,0.045520343,0.047726624,0.027704146,0.06507546
000336,0.46815413,0.049779035,0.29604033,0.045520343,0.047726624,0.027704146,0.06507546
000337,0.46815413,0.049779035,0.29604033,0.045520343,0.047726624,0.027704146,0.06507546
000338,0.46815413,0.049779035,0.29604033,0.045520343,0.047726624,0.027704146,0.06507546
000339,0.46815413,0.049779035,0.29604033,0.045520343,0.047726624,0.027704146,0.06507546
000340,0.46815413,0.049779035,0.29604033,0.045520343,0.047726624,0.027704146,0.06507546
000341,0.46815413,0.049779035,0.29604033,0.045520343,0.047726624,0.027704146,0.06507546
000342,0.46815413,0.049779035,0.29604033,0.045520343,0.047726624,0.027704146,0.06507546
000343,0.46815413,0.049779035,0.29604033,0.045520343,0.047726624,0.027704146,0.06507546
000344,0.46450377,0.052754737,0.30504245,0.04401468,0.046156436,0.026645591,0.060882352
000345,0.46450377,0.052754737,0.30504245,0.04401468,0.046156436,0.026645591,0.060882352
000346,0.46693933,0.052747622,0.25764468,0.067371026,0.060802586,0.021877188,0.07261756
000347,0.46693933,0.052747622,0.25764468,0.067371026,0.060802586,0.021877188,0.07261756
000348,0.46693933,0.052747622,0.25764468,0.067371026,0.060802586,0.021877188,0.07261756
000349,0.46693933,0.052747622,0.25764468,0.067371026,0.060802586,0.021877188,0.07261756
000350,0.46693933,0.052747622,0.25764468,0.067371026,0.060802586,0.021877188,0.07261756
000351,0.46693933,0.052747622,0.25764468,0.067371026,0.060802586,0.021877188,0.07261756
000352,0.46693933,0.052747622,0.25764468,0.067371026,0.060802586,0.021877188,0.07261756
000353,0.46693933,0.052747622,0.25764468,0.067371026,0.060802586,0.021877188,0.07261756
000354,0.46693933,0.052747622,0.25764468,0.067371026,0.060802586,0.021877188,0.07261756
000355,0.46693933,0.052747622,0.25764468,0.067371026,0.060802586,0.021877188,0.07261756
000356,0.46693933,0.052747622,0.25764468,0.067371026,0.060802586,0.021877188,0.07261756
000357,0.46693933,0.052747622,0.25764468,0.067371026,0.060802586,0.021877188,0.07261756
000358,0.46693933,0.052747622,0.25764468,0.067371026,0.060802586,0.021877188,0.07261756
000359,0.4693749,0.052740507,0.21024694,0.09072737,0.07544874,0.017108787,0.08435277
000360,0.4693749,0.052740507,0.21024694,0.09072737,0.07544874,0.017108787,0.08435277
000361,0.3629099,0.04750541,0.1590865,0.16113912,0.14266123,0.014062905,0.11263494
000362,0.3629099,0.04750541,0.1590865,0.16113912,0.14266123,0.014062905,0.11263494
000363,0.3629099,0.04750541,0.1590865,0.16113912,0.14266123,0.014062905,0.11263494
000364,0.3629099,0.04750541,0.1590865,0.16113912,0.14266123,0.014062905,0.11263494
000365,0.3629099,0.04750541,0.1590865,0.16113912,0.14266123,0.014062905,0.11263494
000366,0.3629099,0.04750541,0.1590865,0.16113912,0.14266123,0.014062905,0.11263494
000367,0.3629099,0.04750541,0.1590865,0.16113912,0.14266123,0.014062905,0.11263494
000368,0.3629099,0.04750541,0.1590865,0.16113912,0.14266123,0.014062905,0.11263494
000369,0.3629099,0.04750541,0.1590865,0.16113912,0.14266123,0.014062905,0.11263494
000370,0.3629099,0.04750541,0.1590865,0.16113912,0.14266123,0.014062905,0.11263494
000371,0.3629099,0.04750541,0.1590865,0.16113912,0.14266123,0.014062905,0.11263494
000372,0.3629099,0.04750541,0.1590865,0.16113912,0.14266123,0.014062905,0.11263494
000373,0.3629099,0.04750541,0.1590865,0.16113912,0.14266123,0.014062905,0.11263494
000374,0.25644493,0.042270306,0.10792604,0.23155087,0.20987372,0.011017023,0.14091712
000375,0.25644493,0.042270306,0.10792604,0.23155087,0.20987372,0.011017023,0.14091712
000376,0.26746994,0.034279995,0.095426,0.22914627,0.221697,0.009574454,0.14240637
000377,0.26746994,0.034279995,0.095426,0.22914627,0.221697,0.009574454,0.14240637
000378,0.26746994,0.034279995,0.095426,0.22914627,0.221697,0.009574454,0.14240637
000379,0.26746994,0.034279995,0.095426,0.22914627,0.221697,0.009574454,0.14240637
000380,0.26746994,0.034279995,0.095426,0.22914627,0.221697,0.009574454,0.14240637
000381,0.26746994,0.034279995,0.095426,0.22914627,0.221697,0.009574454,0.14240637
000382,0.26746994,0.034279995,0.095426,0.22914627,0.221697,0.009574454,0.14240637
000383,0.26746994,0.034279995,0.095426,0.22914627,0.221697,0.009574454,0.14240637
000384,0.26746994,0.034279995,0.095426,0.22914627,0.221697,0.009574454,0.14240637
000385,0.26746994,0.034279995,0.095426,0.22914627,0.221697,0.009574454,0.14240637
000386,0.26746994,0.034279995,0.095426,0.22914627,0.221697,0.009574454,0.14240637
000387,0.26746994,0.034279995,0.095426,0.22914627,0.221697,0.009574454,0.14240637
000388,0.26746994,0.034279995,0.095426,0.22914627,0.221697,0.009574454,0.14240637
000389,0.27849492,0.026289683,0.08292596,0.22674167,0.23352027,0.008131886,0.14389564
000390,0.27849492,0.026289683,0.08292596,0.22674167,0.23352027,0.008131886,0.14389564
000391,0.2902418,0.02320391,0.07410763,0.22904447,0.23209491,0.007247626,0.14405966
000392,0.2902418,0.02320391,0.07410763,0.22904447,0.23209491,0.007247626,0.14405966
000393,0.2902418,0.02320391,0.07410763,0.22904447,0.23209491,0.007247626,0.14405966
000394,0.2902418,0.02320391,0.07410763,0.22904447,0.23209491,0.007247626,0.14405966
000395,0.2902418,0.02320391,0.07410763,0.22904447,0.23209491,0.007247626,0.14405966
000396,0.2902418,0.02320391,0.07410763,0.22904447,0.23209491,0.007247626,0.14405966
000397,0.2902418,0.02320391,0.07410763,0.22904447,0.23209491,0.007247626,0.14405966
000398,0.2902418,0.02320391,0.07410763,0.22904447,0.23209491,0.007247626,0.14405966
000399,0.2902418,0.02320391,0.07410763,0.22904447,0.23209491,0.007247626,0.14405966
000400,0.2902418,0.02320391,0.07410763,0.22904447,0.23209491,0.007247626,0.14405966
000401,0.2902418,0.02320391,0.07410763,0.22904447,0.23209491,0.007247626,0.14405966
000402,0.2902418,0.02320391,0.07410763,0.22904447,0.23209491,0.007247626,0.14405966
000403,0.2902418,0.02320391,0.07410763,0.22904447,0.23209491,0.007247626,0.14405966
000404,0.3019887,0.020118136,0.06528931,0.23134726,0.23066957,0.006363366,0.14422368
000405,0.3019887,0.020118136,0.06528931,0.23134726,0.23066957,0.006363366,0.14422368
000406,0.26860863,0.02049996,0.068722755,0.23539594,0.24794683,0.0068867807,0.15193912
000407,0.26860863,0.02049996,0.068722755,0.23539594,0.24794683,0.0068867807,0.15193912
000408,0.26860863,0.02049996,0.068722755,0.23539594,0.24794683,0.0068867807,0.15193912
000409,0.26860863,0.02049996,0.068722755,0.23539594,0.24794683,0.0068867807,0.15193912
000410,0.26860863,0.02049996,0.068722755,0.23539594,0.24794683,0.0068867807,0.15193912
000411,0.26860863,0.02049996,0.068722755,0.23539594,0.24794683,0.0068867807,0.15193912
000412,0.26860863,0.02049996,0.068722755,0.23539594,0.24794683,0.0068867807,0.15193912
000413,0.26860863,0.02049996,0.068722755,0.23539594,0.24794683,0.0068867807,0.15193912
000414,0.26860863,0.02049996,0.068722755,0.23539594,0.24794683,0.0068867807,0.15193912
000415,0.26860863,0.02049996,0.068722755,0.23539594,0.24794683,0.0068867807,0.15193912
000416,0.26860863,0.02049996,0.068722755,0.23539594,0.24794683,0.0068867807,0.15193912
000417,0.26860863,0.02049996,0.068722755,0.23539594,0.24794683,0.0068867807,0.15193912
000418,0.26860863,0.02049996,0.068722755,0.23539594,0.24794683,0.0068867807,0.15193912
000419,0.23522854,0.020881783,0.07215619,0.23944461,0.2652241,0.0074101957,0.15965456
000420,0.23522854,0.020881783,0.07215619,0.23944461,0.2652241,0.0074101957,0.15965456
000421,0.25581264,0.029367583,0.06713492,0.25517365,0.22899468,0.007954588,0.1555619
000422,0.25581264,0.029367583,0.06713492,0.25517365,0.22899468,0.007954588,0.1555619
000423,0.25581264,0.029367583,0.06713492,0.25517365,0.22899468,0.007954588,0.1555619
000424,0.25581264,0.029367583,0.06713492,0.25517365,0.22899468,0.007954588,0.1555619
000425,0.25581264,0.029367583,0.06713492,0.25517365,0.22899468,0.007954588,0.1555619
000426,0.25581264,0.029367583,0.06713492,0.25517365,0.22899468,0.007954588,0.1555619
000427,0.25581264,0.029367583,0.06713492,0.25517365,0.22899468,0.007954588,0.1555619
000428,0.25581264,0.029367583,0.06713492,0.25517365,0.22899468,0.007954588,0.1555619
000429,0.25581264,0.029367583,0.06713492,0.25517365,0.22899468,0.007954588,0.1555619
000430,0.25581264,0.029367583,0.06713492,0.25517365,0.22899468,0.007954588,0.1555619
000431,0.25581264,0.029367583,0.06713492,0.25517365,0.22899468,0.007954588,0.1555619
000432,0.25581264,0.029367583,0.06713492,0.25517365,0.22899468,0.007954588,0.1555619
000433,0.25581264,0.029367583,0.06713492,0.25517365,0.22899468,0.007954588,0.1555619
000434,0.27639678,0.037853383,0.062113643,0.2709027,0.19276527,0.008498982,0.15146922
000435,0.27639678,0.037853383,0.062113643,0.2709027,0.19276527,0.008498982,0.15146922
000436,0.33912873,0.054492857,0.055868987,0.26020488,0.1419792,0.008226022,0.14009924
000437,0.33912873,0.054492857,0.055868987,0.26020488,0.1419792,0.008226022,0.14009924
000438,0.33912873,0.054492857,0.055868987,0.26020488,0.1419792,0.008226022,0.14009924
000439,0.33912873,0.054492857,0.055868987,0.26020488,0.1419792,0.008226022,0.14009924
000440,0.33912873,0.054492857,0.055868987,0.26020488,0.1419792,0.008226022,0.14009924
000441,0.33912873,0.054492857,0.055868987,0.26020488,0.1419792,0.008226022,0.14009924
000442,0.33912873,0.054492857,0.055868987,0.26020488,0.1419792,0.008226022,0.14009924
000443,0.33912873,0.054492857,0.055868987,0.26020488,0.1419792,0.008226022,0.14009924
000444,0.33912873,0.054492857,0.055868987,0.26020488,0.1419792,0.008226022,0.14009924
000445,0.33912873,0.054492857,0.055868987,0.26020488,0.1419792,0.008226022,0.14009924
000446,0.33912873,0.054492857,0.055868987,0.26020488,0.1419792,0.008226022,0.14009924
000447,0.33912873,0.054492857,0.055868987,0.26020488,0.1419792,0.008226022,0.14009924
000448,0.33912873,0.054492857,0.055868987,0.26020488,0.1419792,0.008226022,0.14009924
000449,0.4018607,0.07113233,0.04962433,0.24950707,0.09119314,0.007953062,0.12872927
000450,0.4018607,0.07113233,0.04962433,0.24950707,0.09119314,0.007953062,0.12872927
000451,0.47075653,0.08081342,0.05563762,0.1983205,0.06817826,0.007658395,0.11863518
000452,0.47075653,0.08081342,0.05563762,0.1983205,0.06817826,0.007658395,0.11863518
000453,0.47075653,0.08081342,0.05563762,0.1983205,0.06817826,0.007658395,0.11863518
000454,0.47075653,0.08081342,0.05563762,0.1983205,0.06817826,0.007658395,0.11863518
000455,0.47075653,0.08081342,0.05563762,0.1983205,0.06817826,0.007658395,0.11863518
000456,0.47075653,0.08081342,0.05563762,0.1983205,0.06817826,0.007658395,0.11863518
000457,0.47075653,0.08081342,0.05563762,0.1983205,0.06817826,0.007658395,0.11863518
000458,0.47075653,0.08081342,0.05563762,0.1983205,0.06817826,0.007658395,0.11863518
000459,0.47075653,0.08081342,0.05563762,0.1983205,0.06817826,0.007658395,0.11863518
000460,0.47075653,0.08081342,0.05563762,0.1983205,0.06817826,0.007658395,0.11863518
000461,0.47075653,0.08081342,0.05563762,0.1983205,0.06817826,0.007658395,0.11863518
000462,0.47075653,0.08081342,0.05563762,0.1983205,0.06817826,0.007658395,0.11863518
000463,0.47075653,0.08081342,0.05563762,0.1983205,0.06817826,0.007658395,0.11863518
000464,0.53965235,0.09049451,0.061650906,0.14713392,0.045163378,0.0073637282,0.108541094
000465,0.53965235,0.09049451,0.061650906,0.14713392,0.045163378,0.0073637282,0.108541094
000466,0.5800704,0.09134202,0.066687316,0.11868734,0.036760658,0.0075289626,0.09892328
000467,0.5800704,0.09134202,0.066687316,0.11868734,0.036760658,0.0075289626,0.09892328
000468,0.5800704,0.09134202,0.066687316,0.11868734,0.036760658,0.0075289626,0.09892328
000469,0.5800704,0.09134202,0.066687316,0.11868734,0.036760658,0.0075289626,0.09892328
000470,0.5800704,0.09134202,0.066687316,0.11868734,0.036760658,0.0075289626,0.09892328
000471,0.5800704,0.09134202,0.066687316,0.11868734,0.036760658,0.0075289626,0.09892328
000472,0.5800704,0.09134202,0.066687316,0.11868734,0.036760658,0.0075289626,0.09892328
000473,0.5800704,0.09134202,0.066687316,0.11868734,0.036760658,0.0075289626,0.09892328
000474,0.5800704,0.09134202,0.066687316,0.11868734,0.036760658,0.0075289626,0.09892328
000475,0.5800704,0.09134202,0.066687316,0.11868734,0.036760658,0.0075289626,0.09892328
000476,0.5800704,0.09134202,0.066687316,0.11868734,0.036760658,0.0075289626,0.09892328
000477,0.5800704,0.09134202,0.066687316,0.11868734,0.036760658,0.0075289626,0.09892328
000478,0.5800704,0.09134202,0.066687316,0.11868734,0.036760658,0.0075289626,0.09892328
000479,0.6204884,0.09218952,0.07172373,0.09024076,0.028357942,0.0076941974,0.08930547
000480,0.6204884,0.09218952,0.07172373,0.09024076,0.028357942,0.0076941974,0.08930547
000481,0.5684725,0.06835948,0.08301668,0.10199661,0.04693392,0.00839709,0.12282373
000482,0.5684725,0.06835948,0.08301668,0.10199661,0.04693392,0.00839709,0.12282373
000483,0.5684725,0.06835948,0.08301668,0.10199661,0.04693392,0.00839709,0.12282373
000484,0.5684725,0.06835948,0.08301668,0.10199661,0.04693392,0.00839709,0.12282373
000485,0.5684725,0.06835948,0.08301668,0.10199661,0.04693392,0.00839709,0.12282373
000486,0.5684725,0.06835948,0.08301668,0.10199661,0.04693392,0.00839709,0.12282373
000487,0.5684725,0.06835948,0.08301668,0.10199661,0.04693392,0.00839709,0.12282373
000488,0.5684725,0.06835948,0.08301668,0.10199661,0.04693392,0.00839709,0.12282373
000489,0.5684725,0.06835948,0.08301668,0.10199661,0.04693392,0.00839709,0.12282373
000490,0.5684725,0.06835948,0.08301668,0.10199661,0.04693392,0.00839709,0.12282373
000491,0.5684725,0.06835948,0.08301668,0.10199661,0.04693392,0.00839709,0.12282373
000492,0.5684725,0.06835948,0.08301668,0.10199661,0.04693392,0.00839709,0.12282373
000493,0.5684725,0.06835948,0.08301668,0.10199661,0.04693392,0.00839709,0.12282373
000494,0.51645666,0.044529438,0.094309635,0.113752455,0.06550989,0.009099984,0.15634198
000495,0.51645666,0.044529438,0.094309635,0.113752455,0.06550989,0.009099984,0.15634198
000496,0.4176921,0.033707038,0.12053704,0.11684361,0.10678375,0.011764541,0.19267197
000497,0.4176921,0.033707038,0.12053704,0.11684361,0.10678375,0.011764541,0.19267197
000498,0.4176921,0.033707038,0.12053704,0.11684361,0.10678375,0.011764541,0.19267197
000499,0.4176921,0.033707038,0.12053704,0.11684361,0.10678375,0.011764541,0.19267197
000500,0.4176921,0.033707038,0.12053704,0.11684361,0.10678375,0.011764541,0.19267197
000501,0.4176921,0.033707038,0.12053704,0.11684361,0.10678375,0.011764541,0.19267197
000502,0.4176921,0.033707038,0.12053704,0.11684361,0.10678375,0.011764541,0.19267197
000503,0.4176921,0.033707038,0.12053704,0.11684361,0.10678375,0.011764541,0.19267197
000504,0.4176921,0.033707038,0.12053704,0.11684361,0.10678375,0.011764541,0.19267197
000505,0.4176921,0.033707038,0.12053704,0.11684361,0.10678375,0.011764541,0.19267197
000506,0.4176921,0.033707038,0.12053704,0.11684361,0.10678375,0.011764541,0.19267197
000507,0.4176921,0.033707038,0.12053704,0.11684361,0.10678375,0.011764541,0.19267197
000508,0.4176921,0.033707038,0.12053704,0.11684361,0.10678375,0.011764541,0.19267197
000509,0.31892753,0.022884635,0.14676444,0.11993476,0.14805761,0.0144291,0.22900195
000510,0.31892753,0.022884635,0.14676444,0.11993476,0.14805761,0.0144291,0.22900195
000511,0.30623433,0.0222434,0.1618135,0.1162734,0.15826303,0.014766661,0.22040573
000512,0.30623433,0.0222434,0.1618135,0.1162734,0.15826303,0.014766661,0.22040573
000513,0.30623433,0.0222434,0.1618135,0.1162734,0.15826303,0.014766661,0.22040573
000514,0.30623433,0.0222434,0.1618135,0.1162734,0.15826303,0.014766661,0.22040573
000515,0.30623433,0.0222434,0.1618135,0.1162734,0.15826303,0.014766661,0.22040573
000516,0.30623433,0.0222434,0.1618135,0.1162734,0.15826303,0.014766661,0.22040573
000517,0.30623433,0.0222434,0.1618135,0.1162734,0.15826303,0.014766661,0.22040573
000518,0.30623433,0.0222434,0.1618135,0.1162734,0.15826303,0.014766661,0.22040573
000519,0.30623433,0.0222434,0.1618135,0.1162734,0.15826303,0.014766661,0.22040573
000520,0.30623433,0.0222434,0.1618135,0.1162734,0.15826303,0.014766661,0.22040573
000521,0.30623433,0.0222434,0.1618135,0.1162734,0.15826303,0.014766661,0.22040573
000522,0.30623433,0.0222434,0.1618135,0.1162734,0.15826303,0.014766661,0.22040573
000523,0.30623433,0.0222434,0.1618135,0.1162734,0.15826303,0.014766661,0.22040573
000524,0.29354113,0.021602161,0.17686255,0.112612054,0.16846843,0.015104222,0.21180952
000525,0.29354113,0.021602161,0.17686255,0.112612054,0.16846843,0.015104222,0.21180952
000526,0.28344655,0.020077776,0.16855541,0.11817279,0.18276128,0.013740798,0.21324542
000527,0.28344655,0.020077776,0.16855541,0.11817279,0.18276128,0.013740798,0.21324542
000528,0.28344655,0.020077776,0.16855541,0.11817279,0.18276128,0.013740798,0.21324542
000529,0.28344655,0.020077776,0.16855541,0.11817279,0.18276128,0.013740798,0.21324542
000530,0.28344655,0.020077776,0.16855541,0.11817279,0.18276128,0.013740798,0.21324542
000531,0.28344655,0.020077776,0.16855541,0.11817279,0.18276128,0.013740798,0.21324542
000532,0.28344655,0.020077776,0.16855541,0.11817279,0.18276128,0.013740798,0.21324542
000533,0.28344655,0.020077776,0.16855541,0.11817279,0.18276128,0.013740798,0.21324542
000534,0.28344655,0.020077776,0.16855541,0.11817279,0.18276128,0.013740798,0.21324542
000535,0.28344655,0.020077776,0.16855541,0.11817279,0.18276128,0.013740798,0.21324542
000536,0.28344655,0.020077776,0.16855541,0.11817279,0.18276128,0.013740798,0.21324542
000537,0.28344655,0.020077776,0.16855541,0.11817279,0.18276128,0.013740798,0.21324542
000538,0.28344655,0.020077776,0.16855541,0.11817279,0.18276128,0.013740798,0.21324542
000539,0.27335197,0.018553391,0.16024825,0.12373352,0.19705413,0.012377375,0.21468134
000540,0.27335197,0.018553391,0.16024825,0.12373352,0.19705413,0.012377375,0.21468134
000541,0.27434826,0.01784718,0.16212182,0.12684473,0.20587173,0.0117841475,0.20118213
000542,0.27434826,0.01784718,0.16212182,0.12684473,0.20587173,0.0117841475,0.20118213
000543,0.27434826,0.01784718,0.16212182,0.12684473,0.20587173,0.0117841475,0.20118213
000544,0.27434826,0.01784718,0.16212182,0.12684473,0.20587173,0.0117841475,0.20118213
000545,0.27434826,0.01784718,0.16212182,0.12684473,0.20587173,0.0117841475,0.20118213
000546,0.27434826,0.01784718,0.16212182,0.12684473,0.20587173,0.0117841475,0.20118213
000547,0.27434826,0.01784718,0.16212182,0.12684473,0.20587173,0.0117841475,0.20118213
000548,0.27434826,0.01784718,0.16212182,0.12684473,0.20587173,0.0117841475,0.20118213
000549,0.27434826,0.01784718,0.16212182,0.12684473,0.20587173,0.0117841475,0.20118213
000550,0.27434826,0.01784718,0.16212182,0.12684473,0.20587173,0.0117841475,0.20118213
000551,0.27434826,0.01784718,0.16212182,0.12684473,0.20587173,0.0117841475,0.20118213
000552,0.27434826,0.01784718,0.16212182,0.12684473,0.20587173,0.0117841475,0.20118213
000553,0.27434826,0.01784718,0.16212182,0.12684473,0.20587173,0.0117841475,0.20118213
000554,0.27534452,0.017140968,0.16399539,0.12995595,0.21468931,0.01119092,0.18768293
000555,0.27534452,0.017140968,0.16399539,0.12995595,0.21468931,0.01119092,0.18768293
000556,0.28527904,0.019158967,0.19344467,0.11773824,0.20072277,0.012918446,0.17073789
000557,0.28527904,0.019158967,0.19344467,0.11773824,0.20072277,0.012918446,0.17073789
000558,0.28527904,0.019158967,0.19344467,0.11773824,0.20072277,0.012918446,0.17073789
000559,0.28527904,0.019158967,0.19344467,0.11773824,0.20072277,0.012918446,0.17073789
000560,0.28527904,0.019158967,0.19344467,0.11773824,0.20072277,0.012918446,0.17073789
000561,0.28527904,0.019158967,0.19344467,0.11773824,0.20072277,0.012918446,0.17073789
000562,0.28527904,0.019158967,0.19344467,0.11773824,0.20072277,0.012918446,0.17073789
000563,0.28527904,0.019158967,0.19344467,0.11773824,0.20072277,0.012918446,0.17073789
000564,0.28527904,0.019158967,0.19344467,0.11773824,0.20072277,0.012918446,0.17073789
000565,0.28527904,0.019158967,0.19344467,0.11773824,0.20072277,0.012918446,0.17073789
000566,0.28527904,0.019158967,0.19344467,0.11773824,0.20072277,0.012918446,0.17073789
000567,0.28527904,0.019158967,0.19344467,0.11773824,0.20072277,0.012918446,0.17073789
000568,0.28527904,0.019158967,0.19344467,0.11773824,0.20072277,0.012918446,0.17073789
000569,0.29521355,0.021176968,0.22289394,0.10552053,0.18675622,0.014645972,0.15379286
000570,0.29521355,0.021176968,0.22289394,0.10552053,0.18675622,0.014645972,0.15379286
000571,0.2805642,0.021422647,0.22855029,0.10531592,0.19737673,0.015284037,0.15148619
000572,0.2805642,0.021422647,0.22855029,0.10531592,0.19737673,0.015284037,0.15148619
000573,0.2805642,0.021422647,0.22855029,0.10531592,0.19737673,0.015284037,0.15148619
000574,0.2805642,0.021422647,0.22855029,0.10531592,0.19737673,0.015284037,0.15148619
000575,0.2805642,0.021422647,0.22855029,0.10531592,0.19737673,0.015284037,0.15148619
000576,0.2805642,0.021422647,0.22855029,0.10531592,0.19737673,0.015284037,0.15148619
000577,0.2805642,0.021422647,0.22855029,0.10531592,0.19737673,0.015284037,0.15148619
000578,0.2805642,0.021422647,0.22855029,0.10531592,0.19737673,0.015284037,0.15148619
000579,0.2805642,0.021422647,0.22855029,0.10531592,0.19737673,0.015284037,0.15148619
000580,0.2805642,0.021422647,0.22855029,0.10531592,0.19737673,0.015284037,0.15148619
000581,0.2805642,0.021422647,0.22855029,0.10531592,0.19737673,0.015284037,0.15148619
000582,0.2805642,0.021422647,0.22855029,0.10531592,0.19737673,0.015284037,0.15148619
000583,0.2805642,0.021422647,0.22855029,0.10531592,0.19737673,0.015284037,0.15148619
000584,0.26591486,0.021668326,0.23420663,0.10511132,0.20799723,0.015922103,0.14917953
000585,0.26591486,0.021668326,0.23420663,0.10511132,0.20799723,0.015922103,0.14917953
000586,0.25524777,0.020166159,0.19758093,0.12086095,0.23306069,0.01428222,0.15880127
000587,0.25524777,0.020166159,0.19758093,0.12086095,0.23306069,0.01428222,0.15880127
000588,0.25524777,0.020166159,0.19758093,0.12086095,0.23306069,0.01428222,0.15880127
000589,0.25524777,0.020166159,0.19758093,0.12086095,0.23306069,0.01428222,0.15880127
000590,0.25524777,0.020166159,0.19758093,0.12086095,0.23306069,0.01428222,0.15880127
000591,0.25524777,0.020166159,0.19758093,0.12086095,0.23306069,0.01428222,0.15880127
000592,0.25524777,0.020166159,0.19758093,0.12086095,0.23306069,0.01428222,0.15880127
000593,0.25524777,0.020166159,0.19758093,0.12086095,0.23306069,0.01428222,0.15880127
000594,0.25524777,0.020166159,0.19758093,0.12086095,0.23306069,0.01428222,0.15880127
000595,0.25524777,0.020166159,0.19758093,0.12086095,0.23306069,0.01428222,0.15880127
000596,0.25524777,0.020166159,0.19758093,0.12086095,0.23306069,0.01428222,0.15880127
000597,0.25524777,0.020166159,0.19758093,0.12086095,0.23306069,0.01428222,0.15880127
000598,0.25524777,0.020166159,0.19758093,0.12086095,0.23306069,0.01428222,0.15880127
000599,0.24458067,0.018663993,0.16095524,0.13661058,0.25812414,0.012642337,0.16842301
000600,0.24458067,0.018663993,0.16095524,0.13661058,0.25812414,0.012642337,0.16842301
000601,0.2916911,0.017277673,0.16325518,0.12702069,0.22193024,0.011554897,0.16727026
000602,0.2916911,0.017277673,0.16325518,0.12702069,0.22193024,0.011554897,0.16727026
000603,0.2916911,0.017277673,0.16325518,0.12702069,0.22193024,0.011554897,0.16727026
000604,0.2916911,0.017277673,0.16325518,0.12702069,0.22193024,0.011554897,0.16727026
000605,0.2916911,0.017277673,0.16325518,0.12702069,0.22193024,0.011554897,0.16727026
000606,0.2916911,0.017277673,0.16325518,0.12702069,0.22193024,0.011554897,0.16727026
000607,0.2916911,0.017277673,0.16325518,0.12702069,0.22193024,0.011554897,0.16727026
000608,0.2916911,0.017277673,0.16325518,0.12702069,0.22193024,0.011554897,0.16727026
000609,0.2916911,0.017277673,0.16325518,0.12702069,0.22193024,0.011554897,0.16727026
000610,0.2916911,0.017277673,0.16325518,0.12702069,0.22193024,0.011554897,0.16727026
000611,0.2916911,0.017277673,0.16325518,0.12702069,0.22193024,0.011554897,0.16727026
000612,0.2916911,0.017277673,0.16325518,0.12702069,0.22193024,0.011554897,0.16727026
000613,0.2916911,0.017277673,0.16325518,0.12702069,0.22193024,0.011554897,0.16727026
000614,0.33880153,0.015891353,0.16555513,0.117430784,0.18573631,0.010467458,0.1661175
000615,0.33880153,0.015891353,0.16555513,0.117430784,0.18573631,0.010467458,0.1661175
000616,0.44210333,0.018260468,0.15424827,0.10000262,0.13654533,0.009591511,0.13924855
000617,0.44210333,0.018260468,0.15424827,0.10000262,0.13654533,0.009591511,0.13924855
000618,0.44210333,0.018260468,0.15424827,0.10000262,0.13654533,0.009591511,0.13924855
000619,0.44210333,0.018260468,0.15424827,0.10000262,0.13654533,0.009591511,0.13924855
000620,0.44210333,0.018260468,0.15424827,0.10000262,0.13654533,0.009591511,0.13924855
000621,0.44210333,0.018260468,0.15424827,0.10000262,0.13654533,0.009591511,0.13924855
000622,0.44210333,0.018260468,0.15424827,0.10000262,0.13654533,0.009591511,0.13924855
000623,0.44210333,0.018260468,0.15424827,0.10000262,0.13654533,0.009591511,0.13924855
000624,0.44210333,0.018260468,0.15424827,0.10000262,0.13654533,0.009591511,0.13924855
000625,0.44210333,0.018260468,0.15424827,0.10000262,0.13654533,0.009591511,0.13924855
000626,0.44210333,0.018260468,0.15424827,0.10000262,0.13654533,0.009591511,0.13924855
000627,0.44210333,0.018260468,0.15424827,0.10000262,0.13654533,0.009591511,0.13924855
000628,0.44210333,0.018260468,0.15424827,0.10000262,0.13654533,0.009591511,0.13924855
000629,0.5454051,0.020629581,0.14294142,0.08257446,0.08735436,0.008715565,0.11237958
000630,0.5454051,0.020629581,0.14294142,0.08257446,0.08735436,0.008715565,0.11237958
000631,0.5922196,0.024307087,0.122586295,0.0752865,0.066272914,0.014694139,0.104633555
000632,0.5922196,0.024307087,0.122586295,0.0752865,0.066272914,0.014694139,0.104633555
000633,0.5922196,0.024307087,0.122586295,0.0752865,0.066272914,0.014694139,0.104633555
000634,0.5922196,0.024307087,0.122586295,0.0752865,0.066272914,0.014694139,0.104633555
000635,0.5922196,0.024307087,0.122586295,0.0752865,0.066272914,0.014694139,0.104633555
000636,0.5922196,0.024307087,0.122586295,0.0752865,0.066272914,0.014694139,0.104633555
000637,0.5922196,0.024307087,0.122586295,0.0752865,0.066272914,0.014694139,0.104633555
000638,0.5922196,0.024307087,0.122586295,0.0752865,0.066272914,0.014694139,0.104633555
000639,0.5922196,0.024307087,0.122586295,0.0752865,0.066272914,0.014694139,0.104633555
000640,0.5922196,0.024307087,0.122586295,0.0752865,0.066272914,0.014694139,0.104633555
000641,0.5922196,0.024307087,0.122586295,0.0752865,0.066272914,0.014694139,0.104633555
000642,0.5922196,0.024307087,0.122586295,0.0752865,0.066272914,0.014694139,0.104633555
000643,0.5922196,0.024307087,0.122586295,0.0752865,0.066272914,0.014694139,0.104633555
000644,0.63903403,0.027984593,0.10223117,0.06799854,0.04519147,0.020672712,0.09688752
000645,0.63903403,0.027984593,0.10223117,0.06799854,0.04519147,0.020672712,0.09688752
000646,0.42828003,0.03593958,0.08705304,0.07176073,0.047090866,0.18245117,0.14742462
000647,0.42828003,0.03593958,0.08705304,0.07176073,0.047090866,0.18245117,0.14742462
000648,0.42828003,0.03593958,0.08705304,0.07176073,0.047090866,0.18245117,0.14742462
000649,0.42828003,0.03593958,0.08705304,0.07176073,0.047090866,0.18245117,0.14742462
000650,0.42828003,0.03593958,0.08705304,0.07176073,0.047090866,0.18245117,0.14742462
000651,0.42828003,0.03593958,0.08705304,0.07176073,0.047090866,0.18245117,0.14742462
000652,0.42828003,0.03593958,0.08705304,0.07176073,0.047090866,0.18245117,0.14742462
000653,0.42828003,0.03593958,0.08705304,0.07176073,0.047090866,0.18245117,0.14742462
000654,0.42828003,0.03593958,0.08705304,0.07176073,0.047090866,0.18245117,0.14742462
000655,0.42828003,0.03593958,0.08705304,0.07176073,0.047090866,0.18245117,0.14742462
000656,0.42828003,0.03593958,0.08705304,0.07176073,0.047090866,0.18245117,0.14742462
000657,0.42828003,0.03593958,0.08705304,0.07176073,0.047090866,0.18245117,0.14742462
000658,0.42828003,0.03593958,0.08705304,0.07176073,0.047090866,0.18245117,0.14742462
000659,0.217526,0.04389457,0.07187491,0.075522915,0.048990257,0.34422964,0.19796173
000660,0.217526,0.04389457,0.07187491,0.075522915,0.048990257,0.34422964,0.19796173
000661,0.15144497,0.04926916,0.060973175,0.06454016,0.039109778,0.4605278,0.17413494
000662,0.15144497,0.04926916,0.060973175,0.06454016,0.039109778,0.4605278,0.17413494
000663,0.15144497,0.04926916,0.060973175,0.06454016,0.039109778,0.4605278,0.17413494
000664,0.15144497,0.04926916,0.060973175,0.06454016,0.039109778,0.4605278,0.17413494
000665,0.15144497,0.04926916,0.060973175,0.06454016,0.039109778,0.4605278,0.17413494
000666,0.15144497,0.04926916,0.060973175,0.06454016,0.039109778,0.4605278,0.17413494
000667,0.15144497,0.04926916,0.060973175,0.06454016,0.039109778,0.4605278,0.17413494
000668,0.15144497,0.04926916,0.060973175,0.06454016,0.039109778,0.4605278,0.17413494
000669,0.15144497,0.04926916,0.060973175,0.06454016,0.039109778,0.4605278,0.17413494
000670,0.15144497,0.04926916,0.060973175,0.06454016,0.039109778,0.4605278,0.17413494
000671,0.15144497,0.04926916,0.060973175,0.06454016,0.039109778,0.4605278,0.17413494
000672,0.15144497,0.04926916,0.060973175,0.06454016,0.039109778,0.4605278,0.17413494
000673,0.15144497,0.04926916,0.060973175,0.06454016,0.039109778,0.4605278,0.17413494
000674,0.08536395,0.054643746,0.05007144,0.053557415,0.029229298,0.576826,0.15030816
000675,0.08536395,0.054643746,0.05007144,0.053557415,0.029229298,0.576826,0.15030816
000676,0.07819615,0.057385586,0.050799873,0.047762282,0.026501905,0.6183802,0.120973974
000677,0.07819615,0.057385586,0.050799873,0.047762282,0.026501905,0.6183802,0.120973974
000678,0.07819615,0.057385586,0.050799873,0.047762282,0.026501905,0.6183802,0.120973974
000679,0.07819615,0.057385586,0.050799873,0.047762282,0.026501905,0.6183802,0.120973974
000680,0.07819615,0.057385586,0.050799873,0.047762282,0.026501905,0.6183802,0.120973974
000681,0.07819615,0.057385586,0.050799873,0.047762282,0.026501905,0.6183802,0.120973974
000682,0.07819615,0.057385586,0.050799873,0.047762282,0.026501905,0.6183802,0.120973974
000683,0.07819615,0.057385586,0.050799873,0.047762282,0.026501905,0.6183802,0.120973974
000684,0.07819615,0.057385586,0.050799873,0.047762282,0.026501905,0.6183802,0.120973974
000685,0.07819615,0.057385586,0.050799873,0.047762282,0.026501905,0.6183802,0.120973974
000686,0.07819615,0.057385586,0.050799873,0.047762282,0.026501905,0.6183802,0.120973974
000687,0.07819615,0.057385586,0.050799873,0.047762282,0.026501905,0.6183802,0.120973974
000688,0.07819615,0.057385586,0.050799873,0.047762282,0.026501905,0.6183802,0.120973974
000689,0.07102837,0.06012743,0.051528305,0.041967154,0.023774512,0.65993446,0.09163978
000690,0.07102837,0.06012743,0.051528305,0.041967154,0.023774512,0.65993446,0.09163978
000691,0.13603187,0.062985435,0.07345991,0.05423877,0.031283174,0.5065316,0.13546921
000692,0.13603187,0.062985435,0.07345991,0.05423877,0.031283174,0.5065316,0.13546921
000693,0.13603187,0.062985435,0.07345991,0.05423877,0.031283174,0.5065316,0.13546921
000694,0.13603187,0.062985435,0.07345991,0.05423877,0.031283174,0.5065316,0.13546921
000695,0.13603187,0.062985435,0.07345991,0.05423877,0.031283174,0.5065316,0.13546921
000696,0.13603187,0.062985435,0.07345991,0.05423877,0.031283174,0.5065316,0.13546921
000697,0.13603187,0.062985435,0.07345991,0.05423877,0.031283174,0.5065316,0.13546921
000698,0.13603187,0.062985435,0.07345991,0.05423877,0.031283174,0.5065316,0.13546921
000699,0.13603187,0.062985435,0.07345991,0.05423877,0.031283174,0.5065316,0.13546921
000700,0.13603187,0.062985435,0.07345991,0.05423877,0.031283174,0.5065316,0.13546921
000701,0.13603187,0.062985435,0.07345991,0.05423877,0.031283174,0.5065316,0.13546921
000702,0.13603187,0.062985435,0.07345991,0.05423877,0.031283174,0.5065316,0.13546921
000703,0.13603187,0.062985435,0.07345991,0.05423877,0.031283174,0.5065316,0.13546921
000704,0.20103538,0.06584344,0.09539151,0.06651039,0.038791835,0.3531288,0.17929865
000705,0.20103538,0.06584344,0.09539151,0.06651039,0.038791835,0.3531288,0.17929865
000706,0.22735494,0.05219491,0.11639947,0.06427007,0.051257282,0.3122701,0.17625323
000707,0.22735494,0.05219491,0.11639947,0.06427007,0.051257282,0.3122701,0.17625323
000708,0.22735494,0.05219491,0.11639947,0.06427007,0.051257282,0.3122701,0.17625323
000709,0.22735494,0.05219491,0.11639947,0.06427007,0.051257282,0.3122701,0.17625323
000710,0.22735494,0.05219491,0.11639947,0.06427007,0.051257282,0.3122701,0.17625323
000711,0.22735494,0.05219491,0.11639947,0.06427007,0.051257282,0.3122701,0.17625323
000712,0.22735494,0.05219491,0.11639947,0.06427007,0.051257282,0.3122701,0.17625323
000713,0.22735494,0.05219491,0.11639947,0.06427007,0.051257282,0.3122701,0.17625323
000714,0.22735494,0.05219491,0.11639947,0.06427007,0.051257282,0.3122701,0.17625323
000715,0.22735494,0.05219491,0.11639947,0.06427007,0.051257282,0.3122701,0.17625323
000716,0.22735494,0.05219491,0.11639947,0.06427007,0.051257282,0.3122701,0.17625323
000717,0.22735494,0.05219491,0.11639947,0.06427007,0.051257282,0.3122701,0.17625323
000718,0.22735494,0.05219491,0.11639947,0.06427007,0.051257282,0.3122701,0.17625323
000719,0.2536745,0.03854638,0.13740742,0.062029753,0.06372273,0.27141145,0.17320779
000720,0.2536745,0.03854638,0.13740742,0.062029753,0.06372273,0.27141145,0.17320779
000721,0.28048635,0.03629796,0.15691595,0.062447444,0.066332504,0.23658723,0.16093262
000722,0.28048635,0.03629796,0.15691595,0.062447444,0.066332504,0.23658723,0.16093262
000723,0.28048635,0.03629796,0.15691595,0.062447444,0.066332504,0.23658723,0.16093262
000724,0.28048635,0.03629796,0.15691595,0.062447444,0.066332504,0.23658723,0.16093262
000725,0.28048635,0.03629796,0.15691595,0.062447444,0.066332504,0.23658723,0.16093262
000726,0.28048635,0.03629796,0.15691595,0.062447444,0.066332504,0.23658723,0.16093262
000727,0.28048635,0.03629796,0.15691595,0.062447444,0.066332504,0.23658723,0.16093262
000728,0.28048635,0.03629796,0.15691595,0.062447444,0.066332504,0.23658723,0.16093262
000729,0.28048635,0.03629796,0.15691595,0.062447444,0.066332504,0.23658723,0.16093262
000730,0.28048635,0.03629796,0.15691595,0.062447444,0.066332504,0.23658723,0.16093262
000731,0.28048635,0.03629796,0.15691595,0.062447444,0.066332504,0.23658723,0.16093262
000732,0.28048635,0.03629796,0.15691595,0.062447444,0.066332504,0.23658723,0.16093262
000733,0.28048635,0.03629796,0.15691595,0.062447444,0.066332504,0.23658723,0.16093262
000734,0.30729815,0.034049537,0.17642447,0.06286514,0.06894228,0.201763,0.14865744
000735,0.30729815,0.034049537,0.17642447,0.06286514,0.06894228,0.201763,0.14865744
000736,0.32275295,0.035208043,0.17113727,0.06678784,0.06910871,0.17337531,0.16162986
000737,0.32275295,0.035208043,0.17113727,0.06678784,0.06910871,0.17337531,0.16162986
000738,0.32275295,0.035208043,0.17113727,0.06678784,0.06910871,0.17337531,0.16162986
000739,0.32275295,0.035208043,0.17113727,0.06678784,0.06910871,0.17337531,0.16162986
000740,0.32275295,0.035208043,0.17113727,0.06678784,0.06910871,0.17337531,0.16162986
000741,0.32275295,0.035208043,0.17113727,0.06678784,0.06910871,0.17337531,0.16162986
000742,0.32275295,0.035208043,0.17113727,0.06678784,0.06910871,0.17337531,0.16162986
000743,0.32275295,0.035208043,0.17113727,0.06678784,0.06910871,0.17337531,0.16162986
000744,0.32275295,0.035208043,0.17113727,0.06678784,0.06910871,0.17337531,0.16162986
000745,0.32275295,0.035208043,0.17113727,0.06678784,0.06910871,0.17337531,0.16162986
000746,0.32275295,0.035208043,0.17113727,0.06678784,0.06910871,0.17337531,0.16162986
000747,0.32275295,0.035208043,0.17113727,0.06678784,0.06910871,0.17337531,0.16162986
000748,0.32275295,0.035208043,0.17113727,0.06678784,0.06910871,0.17337531,0.16162986
000749,0.33820778,0.03636655,0.16585006,0.07071053,0.06927514,0.14498763,0.17460229
000750,0.33820778,0.03636655,0.16585006,0.07071053,0.06927514,0.14498763,0.17460229
000751,0.33724266,0.03631372,0.16559692,0.07300772,0.070568785,0.14153469,0.1757355
000752,0.33724266,0.03631372,0.16559692,0.07300772,0.070568785,0.14153469,0.1757355
000753,0.33724266,0.03631372,0.16559692,0.07300772,0.070568785,0.14153469,0.1757355
000754,0.33724266,0.03631372,0.16559692,0.07300772,0.070568785,0.14153469,0.1757355
000755,0.33724266,0.03631372,0.16559692,0.07300772,0.070568785,0.14153469,0.1757355
000756,0.33724266,0.03631372,0.16559692,0.07300772,0.070568785,0.14153469,0.1757355
000757,0.33724266,0.03631372,0.16559692,0.07300772,0.070568785,0.14153469,0.1757355
000758,0.33724266,0.03631372,0.16559692,0.07300772,0.070568785,0.14153469,0.1757355
000759,0.33724266,0.03631372,0.16559692,0.07300772,0.070568785,0.14153469,0.1757355
000760,0.33724266,0.03631372,0.16559692,0.07300772,0.070568785,0.14153469,0.1757355
000761,0.33724266,0.03631372,0.16559692,0.07300772,0.070568785,0.14153469,0.1757355
000762,0.33724266,0.03631372,0.16559692,0.07300772,0.070568785,0.14153469,0.1757355
000763,0.33724266,0.03631372,0.16559692,0.07300772,0.070568785,0.14153469,0.1757355
000764,0.33627757,0.036260888,0.16534378,0.075304896,0.07186243,0.13808173,0.1768687
000765,0.33627757,0.036260888,0.16534378,0.075304896,0.07186243,0.13808173,0.1768687
000766,0.4146219,0.034297317,0.15900433,0.072771266,0.065877356,0.09261767,0.16081016
000767,0.4146219,0.034297317,0.15900433,0.072771266,0.065877356,0.09261767,0.16081016
000768,0.4146219,0.034297317,0.15900433,0.072771266,0.065877356,0.09261767,0.16081016
000769,0.4146219,0.034297317,0.15900433,0.072771266,0.065877356,0.09261767,0.16081016
000770,0.4146219,0.034297317,0.15900433,0.072771266,0.065877356,0.09261767,0.16081016
000771,0.4146219,0.034297317,0.15900433,0.072771266,0.065877356,0.09261767,0.16081016
000772,0.4146219,0.034297317,0.15900433,0.072771266,0.065877356,0.09261767,0.16081016
000773,0.4146219,0.034297317,0.15900433,0.072771266,0.065877356,0.09261767,0.16081016
000774,0.4146219,0.034297317,0.15900433,0.072771266,0.065877356,0.09261767,0.16081016
000775,0.4146219,0.034297317,0.15900433,0.072771266,0.065877356,0.09261767,0.16081016
000776,0.4146219,0.034297317,0.15900433,0.072771266,0.065877356,0.09261767,0.16081016
000777,0.4146219,0.034297317,0.15900433,0.072771266,0.065877356,0.09261767,0.16081016
000778,0.4146219,0.034297317,0.15900433,0.072771266,0.065877356,0.09261767,0.16081016
000779,0.49296618,0.032333747,0.1526649,0.07023764,0.05989228,0.047153603,0.14475161
000780,0.49296618,0.032333747,0.1526649,0.07023764,0.05989228,0.047153603,0.14475161
000781,0.5074748,0.030519994,0.15474422,0.06931038,0.058942534,0.04046107,0.13854697
000782,0.5074748,0.030519994,0.15474422,0.06931038,0.058942534,0.04046107,0.13854697
000783,0.5074748,0.030519994,0.15474422,0.06931038,0.058942534,0.04046107,0.13854697
000784,0.5074748,0.030519994,0.15474422,0.06931038,0.058942534,0.04046107,0.13854697
000785,0.5074748,0.030519994,0.15474422,0.06931038,0.058942534,0.04046107,0.13854697
000786,0.5074748,0.030519994,0.15474422,0.06931038,0.058942534,0.04046107,0.13854697
000787,0.5074748,0.030519994,0.15474422,0.06931038,0.058942534,0.04046107,0.13854697
000788,0.5074748,0.030519994,0.15474422,0.06931038,0.058942534,0.04046107,0.13854697
000789,0.5074748,0.030519994,0.15474422,0.06931038,0.058942534,0.04046107,0.13854697
000790,0.5074748,0.030519994,0.15474422,0.06931038,0.058942534,0.04046107,0.13854697
000791,0.5074748,0.030519994,0.15474422,0.06931038,0.058942534,0.04046107,0.13854697
000792,0.5074748,0.030519994,0.15474422,0.06931038,0.058942534,0.04046107,0.13854697
000793,0.5074748,0.030519994,0.15474422,0.06931038,0.058942534,0.04046107,0.13854697
000794,0.52198344,0.028706241,0.15682355,0.06838312,0.05799279,0.033768542,0.13234234
000795,0.52198344,0.028706241,0.15682355,0.06838312,0.05799279,0.033768542,0.13234234
000796,0.4679297,0.027705468,0.16204941,0.06883386,0.06263358,0.04490787,0.16594014
000797,0.4679297,0.027705468,0.16204941,0.06883386,0.06263358,0.04490787,0.16594014
000798,0.4679297,0.027705468,0.16204941,0.06883386,0.06263358,0.04490787,0.16594014
000799,0.4679297,0.027705468,0.16204941,0.06883386,0.06263358,0.04490787,0.16594014
000800,0.4679297,0.027705468,0.16204941,0.06883386,0.06263358,0.04490787,0.16594014
000801,0.4679297,0.027705468,0.16204941,0.06883386,0.06263358,0.04490787,0.16594014
000802,0.4679297,0.027705468,0.16204941,0.06883386,0.06263358,0.04490787,0.16594014
000803,0.4679297,0.027705468,0.16204941,0.06883386,0.06263358,0.04490787,0.16594014
000804,0.4679297,0.027705468,0.16204941,0.06883386,0.06263358,0.04490787,0.16594014
000805,0.4679297,0.027705468,0.16204941,0.06883386,0.06263358,0.04490787,0.16594014
000806,0.4679297,0.027705468,0.16204941,0.06883386,0.06263358,0.04490787,0.16594014
000807,0.4679297,0.027705468,0.16204941,0.06883386,0.06263358,0.04490787,0.16594014
000808,0.4679297,0.027705468,0.16204941,0.06883386,0.06263358,0.04490787,0.16594014
000809,0.41387594,0.026704697,0.16727528,0.069284596,0.06727437,0.0560472,0.19953793
000810,0.41387594,0.026704697,0.16727528,0.069284596,0.06727437,0.0560472,0.19953793
000811,0.40874535,0.028986707,0.14223206,0.072768405,0.06070438,0.048564885,0.23799825
000812,0.40874535,0.028986707,0.14223206,0.072768405,0.06070438,0.048564885,0.23799825
000813,0.40874535,0.028986707,0.14223206,0.072768405,0.06070438,0.048564885,0.23799825
000814,0.40874535,0.028986707,0.14223206,0.072768405,0.06070438,0.048564885,0.23799825
000815,0.40874535,0.028986707,0.14223206,0.072768405,0.06070438,0.048564885,0.23799825
000816,0.40874535,0.028986707,0.14223206,0.072768405,0.06070438,0.048564885,0.23799825
000817,0.40874535,0.028986707,0.14223206,0.072768405,0.06070438,0.048564885,0.23799825
000818,0.40874535,0.028986707,0.14223206,0.072768405,0.06070438,0.048564885,0.23799825
000819,0.40874535,0.028986707,0.14223206,0.072768405,0.06070438,0.048564885,0.23799825
000820,0.40874535,0.028986707,0.14223206,0.072768405,0.06070438,0.048564885,0.23799825
000821,0.40874535,0.028986707,0.14223206,0.072768405,0.06070438,0.048564885,0.23799825
000822,0.40874535,0.028986707,0.14223206,0.072768405,0.06070438,0.048564885,0.23799825
000823,0.40874535,0.028986707,0.14223206,0.072768405,0.06070438,0.048564885,0.23799825
000824,0.40361473,0.031268716,0.117188856,0.07625221,0.054134395,0.04108257,0.27645856
000825,0.40361473,0.031268716,0.117188856,0.07625221,0.054134395,0.04108257,0.27645856
000826,0.3729813,0.03717733,0.10588902,0.082004696,0.0512963,0.03921604,0.31143528
000827,0.3729813,0.03717733,0.10588902,0.082004696,0.0512963,0.03921604,0.31143528
000828,0.3729813,0.03717733,0.10588902,0.082004696,0.0512963,0.03921604,0.31143528
000829,0.3729813,0.03717733,0.10588902,0.082004696,0.0512963,0.03921604,0.31143528
000830,0.3729813,0.03717733,0.10588902,0.082004696,0.0512963,0.03921604,0.31143528
000831,0.3729813,0.03717733,0.10588902,0.082004696,0.0512963,0.03921604,0.31143528
000832,0.3729813,0.03717733,0.10588902,0.082004696,0.0512963,0.03921604,0.31143528
000833,0.3729813,0.03717733,0.10588902,0.082004696,0.0512963,0.03921604,0.31143528
000834,0.3729813,0.03717733,0.10588902,0.082004696,0.0512963,0.03921604,0.31143528
000835,0.3729813,0.03717733,0.10588902,0.082004696,0.0512963,0.03921604,0.31143528
000836,0.3729813,0.03717733,0.10588902,0.082004696,0.0512963,0.03921604,0.31143528
000837,0.3729813,0.03717733,0.10588902,0.082004696,0.0512963,0.03921604,0.31143528
000838,0.3729813,0.03717733,0.10588902,0.082004696,0.0512963,0.03921604,0.31143528
000839,0.3423479,0.043085944,0.09458918,0.087757185,0.04845821,0.03734951,0.34641203
000840,0.3423479,0.043085944,0.09458918,0.087757185,0.04845821,0.03734951,0.34641203
000841,0.37066284,0.040590085,0.11582683,0.083135106,0.051599294,0.036434643,0.3017512
000842,0.37066284,0.040590085,0.11582683,0.083135106,0.051599294,0.036434643,0.3017512
000843,0.37066284,0.040590085,0.11582683,0.083135106,0.051599294,0.036434643,0.3017512
000844,0.37066284,0.040590085,0.11582683,0.083135106,0.051599294,0.036434643,0.3017512
000845,0.37066284,0.040590085,0.11582683,0.083135106,0.051599294,0.036434643,0.3017512
000846,0.37066284,0.040590085,0.11582683,0.083135106,0.051599294,0.036434643,0.3017512
000847,0.37066284,0.040590085,0.11582683,0.083135106,0.051599294,0.036434643,0.3017512
000848,0.37066284,0.040590085,0.11582683,0.083135106,0.051599294,0.036434643,0.3017512
000849,0.37066284,0.040590085,0.11582683,0.083135106,0.051599294,0.036434643,0.3017512
000850,0.37066284,0.040590085,0.11582683,0.083135106,0.051599294,0.036434643,0.3017512
000851,0.37066284,0.040590085,0.11582683,0.083135106,0.051599294,0.036434643,0.3017512
000852,0.37066284,0.040590085,0.11582683,0.083135106,0.051599294,0.036434643,0.3017512
000853,0.37066284,0.040590085,0.11582683,0.083135106,0.051599294,0.036434643,0.3017512
000854,0.3989778,0.038094226,0.13706447,0.078513026,0.05474038,0.035519775,0.25709033
000855,0.3989778,0.038094226,0.13706447,0.078513026,0.05474038,0.035519775,0.25709033
000856,0.39426643,0.0357211,0.14418748,0.07783656,0.06024576,0.037681088,0.2500616
000857,0.39426643,0.0357211,0.14418748,0.07783656,0.06024576,0.037681088,0.2500616
000858,0.39426643,0.0357211,0.14418748,0.07783656,0.06024576,0.037681088,0.2500616
000859,0.39426643,0.0357211,0.14418748,0.07783656,0.06024576,0.037681088,0.2500616
000860,0.39426643,0.0357211,0.14418748,0.07783656,0.06024576,0.037681088,0.2500616
000861,0.39426643,0.0357211,0.14418748,0.07783656,0.06024576,0.037681088,0.2500616
000862,0.39426643,0.0357211,0.14418748,0.07783656,0.06024576,0.037681088,0.2500616
000863,0.39426643,0.0357211,0.14418748,0.07783656,0.06024576,0.037681088,0.2500616
000864,0.39426643,0.0357211,0.14418748,0.07783656,0.06024576,0.037681088,0.2500616
000865,0.39426643,0.0357211,0.14418748,0.07783656,0.06024576,0.037681088,0.2500616
000866,0.39426643,0.0357211,0.14418748,0.07783656,0.06024576,0.037681088,0.2500616
000867,0.39426643,0.0357211,0.14418748,0.07783656,0.06024576,0.037681088,0.2500616
000868,0.39426643,0.0357211,0.14418748,0.07783656,0.06024576,0.037681088,0.2500616
000869,0.3895551,0.033347975,0.15131049,0.07716008,0.06575114,0.039842397,0.24303286
000870,0.3895551,0.033347975,0.15131049,0.07716008,0.06575114,0.039842397,0.24303286
000871,0.39647067,0.03423552,0.13282405,0.07729831,0.05819688,0.040561393,0.26041317
000872,0.39647067,0.03423552,0.13282405,0.07729831,0.05819688,0.040561393,0.26041317
000873,0.39647067,0.03423552,0.13282405,0.07729831,0.05819688,0.040561393,0.26041317
000874,0.39647067,0.03423552,0.13282405,0.07729831,0.05819688,0.040561393,0.26041317
000875,0.39647067,0.03423552,0.13282405,0.07729831,0.05819688,0.040561393,0.26041317
000876,0.39647067,0.03423552,0.13282405,0.07729831,0.05819688,0.040561393,0.26041317
000877,0.39647067,0.03423552,0.13282405,0.07729831,0.05819688,0.040561393,0.26041317
000878,0.39647067,0.03423552,0.13282405,0.07729831,0.05819688,0.040561393,0.26041317
000879,0.39647067,0.03423552,0.13282405,0.07729831,0.05819688,0.040561393,0.26041317
000880,0.39647067,0.03423552,0.13282405,0.07729831,0.05819688,0.040561393,0.26041317
000881,0.39647067,0.03423552,0.13282405,0.07729831,0.05819688,0.040561393,0.26041317
000882,0.39647067,0.03423552,0.13282405,0.07729831,0.05819688,0.040561393,0.26041317
000883,0.39647067,0.03423552,0.13282405,0.07729831,0.05819688,0.040561393,0.26041317
000884,0.40338627,0.03512306,0.114337616,0.07743655,0.050642617,0.041280393,0.27779347
000885,0.40338627,0.03512306,0.114337616,0.07743655,0.050642617,0.041280393,0.27779347
000886,0.47786623,0.052099228,0.11404272,0.07465945,0.04087539,0.031412814,0.20904419
000887,0.47786623,0.052099228,0.11404272,0.07465945,0.04087539,0.031412814,0.20904419
000888,0.47786623,0.052099228,0.11404272,0.07465945,0.04087539,0.031412814,0.20904419
000889,0.47786623,0.052099228,0.11404272,0.07465945,0.04087539,0.031412814,0.20904419
000890,0.47786623,0.052099228,0.11404272,0.07465945,0.04087539,0.031412814,0.20904419
000891,0.47786623,0.052099228,0.11404272,0.07465945,0.04087539,0.031412814,0.20904419
000892,0.47786623,0.052099228,0.11404272,0.07465945,0.04087539,0.031412814,0.20904419
000893,0.47786623,0.052099228,0.11404272,0.07465945,0.04087539,0.031412814,0.20904419
000894,0.47786623,0.052099228,0.11404272,0.07465945,0.04087539,0.031412814,0.20904419
000895,0.47786623,0.052099228,0.11404272,0.07465945,0.04087539,0.031412814,0.20904419
000896,0.47786623,0.052099228,0.11404272,0.07465945,0.04087539,0.031412814,0.20904419
000897,0.47786623,0.052099228,0.11404272,0.07465945,0.04087539,0.031412814,0.20904419
000898,0.47786623,0.052099228,0.11404272,0.07465945,0.04087539,0.031412814,0.20904419
000899,0.55234617,0.0690754,0.11374783,0.071882345,0.031108161,0.021545235,0.14029492
000900,0.55234617,0.0690754,0.11374783,0.071882345,0.031108161,0.021545235,0.14029492
000901,0.5128329,0.085996024,0.1331094,0.08291869,0.035516907,0.021416124,0.12821001
000902,0.5128329,0.085996024,0.1331094,0.08291869,0.035516907,0.021416124,0.12821001
000903,0.5128329,0.085996024,0.1331094,0.08291869,0.035516907,0.021416124,0.12821001
000904,0.5128329,0.085996024,0.1331094,0.08291869,0.035516907,0.021416124,0.12821001
000905,0.5128329,0.085996024,0.1331094,0.08291869,0.035516907,0.021416124,0.12821001
000906,0.5128329,0.085996024,0.1331094,0.08291869,0.035516907,0.021416124,0.12821001
000907,0.5128329,0.085996024,0.1331094,0.08291869,0.035516907,0.021416124,0.12821001
000908,0.5128329,0.085996024,0.1331094,0.08291869,0.035516907,0.021416124,0.12821001
000909,0.5128329,0.085996024,0.1331094,0.08291869,0.035516907,0.021416124,0.12821001
000910,0.5128329,0.085996024,0.1331094,0.08291869,0.035516907,0.021416124,0.12821001
000911,0.5128329,0.085996024,0.1331094,0.08291869,0.035516907,0.021416124,0.12821001
000912,0.5128329,0.085996024,0.1331094,0.08291869,0.035516907,0.021416124,0.12821001
000913,0.5128329,0.085996024,0.1331094,0.08291869,0.035516907,0.021416124,0.12821001
000914,0.47331965,0.10291665,0.15247098,0.093955025,0.03992565,0.021287013,0.11612509
000915,0.47331965,0.10291665,0.15247098,0.093955025,0.03992565,0.021287013,0.11612509
000916,0.4001177,0.11262399,0.20476952,0.091085404,0.046109535,0.028152581,0.117141284
000917,0.4001177,0.11262399,0.20476952,0.091085404,0.046109535,0.028152581,0.117141284
000918,0.4001177,0.11262399,0.20476952,0.091085404,0.046109535,0.028152581,0.117141284
000919,0.4001177,0.11262399,0.20476952,0.091085404,0.046109535,0.028152581,0.117141284
000920,0.4001177,0.11262399,0.20476952,0.091085404,0.046109535,0.028152581,0.117141284
000921,0.4001177,0.11262399,0.20476952,0.091085404,0.046109535,0.028152581,0.117141284
000922,0.4001177,0.11262399,0.20476952,0.091085404,0.046109535,0.028152581,0.117141284
000923,0.4001177,0.11262399,0.20476952,0.091085404,0.046109535,0.028152581,0.117141284
000924,0.4001177,0.11262399,0.20476952,0.091085404,0.046109535,0.028152581,0.117141284
000925,0.4001177,0.11262399,0.20476952,0.091085404,0.046109535,0.028152581,0.117141284
000926,0.4001177,0.11262399,0.20476952,0.091085404,0.046109535,0.028152581,0.117141284
000927,0.4001177,0.11262399,0.20476952,0.091085404,0.046109535,0.028152581,0.117141284
000928,0.4001177,0.11262399,0.20476952,0.091085404,0.046109535,0.028152581,0.117141284
000929,0.32691577,0.12233132,0.25706807,0.08821579,0.05229342,0.03501815,0.118157476
000930,0.32691577,0.12233132,0.25706807,0.08821579,0.05229342,0.03501815,0.118157476
000931,0.40829277,0.11574587,0.1844039,0.08114654,0.041324336,0.030558506,0.13852808
000932,0.40829277,0.11574587,0.1844039,0.08114654,0.041324336,0.030558506,0.13852808
000933,0.40829277,0.11574587,0.1844039,0.08114654,0.041324336,0.030558506,0.13852808
000934,0.40829277,0.11574587,0.1844039,0.08114654,0.041324336,0.030558506,0.13852808
000935,0.40829277,0.11574587,0.1844039,0.08114654,0.041324336,0.030558506,0.13852808
000936,0.40829277,0.11574587,0.1844039,0.08114654,0.041324336,0.030558506,0.13852808
000937,0.40829277,0.11574587,0.1844039,0.08114654,0.041324336,0.030558506,0.13852808
000938,0.40829277,0.11574587,0.1844039,0.08114654,0.041324336,0.030558506,0.13852808
000939,0.40829277,0.11574587,0.1844039,0.08114654,0.041324336,0.030558506,0.13852808
000940,0.40829277,0.11574587,0.1844039,0.08114654,0.041324336,0.030558506,0.13852808
000941,0.40829277,0.11574587,0.1844039,0.08114654,0.041324336,0.030558506,0.13852808
000942,0.40829277,0.11574587,0.1844039,0.08114654,0.041324336,0.030558506,0.13852808
000943,0.40829277,0.11574587,0.1844039,0.08114654,0.041324336,0.030558506,0.13852808
000944,0.4896698,0.10916042,0.111739725,0.07407728,0.030355252,0.026098862,0.15889867
000945,0.4896698,0.10916042,0.111739725,0.07407728,0.030355252,0.026098862,0.15889867
000946,0.50926065,0.08236504,0.086942434,0.071712926,0.02952196,0.023185588,0.19701138
000947,0.50926065,0.08236504,0.086942434,0.071712926,0.02952196,0.023185588,0.19701138
000948,0.50926065,0.08236504,0.086942434,0.071712926,0.02952196,0.023185588,0.19701138
000949,0.50926065,0.08236504,0.086942434,0.071712926,0.02952196,0.023185588,0.19701138
