frame,Happiness,Sadness,Surprise,Fear,Disgust,Anger
1,0.0153118,0.035016768,0.033883557,0.019623276,0.002830374,0.014937729
2,0.0153118,0.035016768,0.033883557,0.019623276,0.002830374,0.014937729
3,0.0153118,0.035016768,0.033883557,0.019623276,0.002830374,0.014937729
4,0.0153118,0.035016768,0.033883557,0.019623276,0.002830374,0.014937729
5,0.0153118,0.035016768,0.033883557,0.019623276,0.002830374,0.014937729
6,0.0153118,0.035016768,0.033883557,0.019623276,0.002830374,0.014937729
7,0.0153118,0.035016768,0.033883557,0.019623276,0.002830374,0.014937729
8,0.0153118,0.035016768,0.033883557,0.019623276,0.002830374,0.014937729
9,0.0153118,0.035016768,0.033883557,0.019623276,0.002830374,0.014937729
10,0.0153118,0.035016768,0.033883557,0.019623276,0.002830374,0.014937729
11,0.0153118,0.035016768,0.033883557,0.019623276,0.002830374,0.014937729
12,0.0153118,0.035016768,0.033883557,0.019623276,0.002830374,0.014937729
13,0.0153118,0.035016768,0.033883557,0.019623276,0.002830374,0.014937729
14,0.0153118,0.035016768,0.033883557,0.019623276,0.002830374,0.014937729
15,0.0153118,0.035016768,0.033883557,0.019623276,0.002830374,0.014937729
16,0.011348543,0.03162045,0.032434504,0.020984866,0.002753558,0.016629413
17,0.011348543,0.03162045,0.032434504,0.020984866,0.002753558,0.016629413
18,0.011348543,0.03162045,0.032434504,0.020984866,0.002753558,0.016629413
19,0.011348543,0.03162045,0.032434504,0.020984866,0.002753558,0.016629413
20,0.011348543,0.03162045,0.032434504,0.020984866,0.002753558,0.016629413
21,0.011348543,0.03162045,0.032434504,0.020984866,0.002753558,0.016629413
22,0.011348543,0.03162045,0.032434504,0.020984866,0.002753558,0.016629413
23,0.011348543,0.03162045,0.032434504,0.020984866,0.002753558,0.016629413
24,0.011348543,0.03162045,0.032434504,0.020984866,0.002753558,0.016629413
25,0.011348543,0.03162045,0.032434504,0.020984866,0.002753558,0.016629413
26,0.011348543,0.03162045,0.032434504,0.020984866,0.002753558,0.016629413
27,0.011348543,0.03162045,0.032434504,0.020984866,0.002753558,0.016629413
28,0.011348543,0.03162045,0.032434504,0.020984866,0.002753558,0.016629413
29,0.007385286,0.028224133,0.03098545,0.022346457,0.002676741,0.018321099
30,0.007385286,0.028224133,0.03098545,0.022346457,0.002676741,0.018321099
31,0.007116059,0.031543557,0.027340293,0.020326752,0.002707423,0.01805422
32,0.007116059,0.031543557,0.027340293,0.020326752,0.002707423,0.01805422
33,0.007116059,0.031543557,0.027340293,0.020326752,0.002707423,0.01805422
34,0.007116059,0.031543557,0.027340293,0.020326752,0.002707423,0.01805422
35,0.007116059,0.031543557,0.027340293,0.020326752,0.002707423,0.01805422
36,0.007116059,0.031543557,0.027340293,0.020326752,0.002707423,0.01805422
37,0.007116059,0.031543557,0.027340293,0.020326752,0.002707423,0.01805422
38,0.007116059,0.031543557,0.027340293,0.020326752,0.002707423,0.01805422
39,0.007116059,0.031543557,0.027340293,0.020326752,0.002707423,0.01805422
40,0.007116059,0.031543557,0.027340293,0.020326752,0.002707423,0.01805422
41,0.007116059,0.031543557,0.027340293,0.020326752,0.002707423,0.01805422
42,0.007116059,0.031543557,0.027340293,0.020326752,0.002707423,0.01805422
43,0.007116059,0.031543557,0.027340293,0.020326752,0.002707423,0.01805422
44,0.006846832,0.03486298,0.023695137,0.018307049,0.002738105,0.017787345
45,0.006846832,0.03486298,0.023695137,0.018307049,0.002738105,0.017787345
46,0.006794654,0.036242336,0.022612128,0.019079711,0.002917494,0.01798429
47,0.006794654,0.036242336,0.022612128,0.019079711,0.002917494,0.01798429
48,0.006794654,0.036242336,0.022612128,0.019079711,0.002917494,0.01798429
49,0.006794654,0.036242336,0.022612128,0.019079711,0.002917494,0.01798429
50,0.006794654,0.036242336,0.022612128,0.019079711,0.002917494,0.01798429
51,0.006794654,0.036242336,0.022612128,0.019079711,0.002917494,0.01798429
52,0.006794654,0.036242336,0.022612128,0.019079711,0.002917494,0.01798429
53,0.006794654,0.036242336,0.022612128,0.019079711,0.002917494,0.01798429
54,0.006794654,0.036242336,0.022612128,0.019079711,0.002917494,0.01798429
55,0.006794654,0.036242336,0.022612128,0.019079711,0.002917494,0.01798429
56,0.006794654,0.036242336,0.022612128,0.019079711,0.002917494,0.01798429
57,0.006794654,0.036242336,0.022612128,0.019079711,0.002917494,0.01798429
58,0.006794654,0.036242336,0.022612128,0.019079711,0.002917494,0.01798429
59,0.006742477,0.03762169,0.021529118,0.019852372,0.003096884,0.018181235
60,0.006742477,0.03762169,0.021529118,0.019852372,0.003096884,0.018181235
61,0.006674332,0.03462794,0.024281714,0.022979245,0.00323845,0.01882296
62,0.006674332,0.03462794,0.024281714,0.022979245,0.00323845,0.01882296
63,0.006674332,0.03462794,0.024281714,0.022979245,0.00323845,0.01882296
64,0.006674332,0.03462794,0.024281714,0.022979245,0.00323845,0.01882296
65,0.006674332,0.03462794,0.024281714,0.022979245,0.00323845,0.01882296
66,0.006674332,0.03462794,0.024281714,0.022979245,0.00323845,0.01882296
67,0.006674332,0.03462794,0.024281714,0.022979245,0.00323845,0.01882296
68,0.006674332,0.03462794,0.024281714,0.022979245,0.00323845,0.01882296
69,0.006674332,0.03462794,0.024281714,0.022979245,0.00323845,0.01882296
70,0.006674332,0.03462794,0.024281714,0.022979245,0.00323845,0.01882296
71,0.006674332,0.03462794,0.024281714,0.022979245,0.00323845,0.01882296
72,0.006674332,0.03462794,0.024281714,0.022979245,0.00323845,0.01882296
73,0.006674332,0.03462794,0.024281714,0.022979245,0.00323845,0.01882296
74,0.006606188,0.03163419,0.02703431,0.026106117,0.003380016,0.019464685
75,0.006606188,0.03163419,0.02703431,0.026106117,0.003380016,0.019464685
76,0.006648312,0.03152305,0.02662132,0.025270766,0.003226463,0.019557783
77,0.006648312,0.03152305,0.02662132,0.025270766,0.003226463,0.019557783
78,0.006648312,0.03152305,0.02662132,0.025270766,0.003226463,0.019557783
79,0.006648312,0.03152305,0.02662132,0.025270766,0.003226463,0.019557783
80,0.006648312,0.03152305,0.02662132,0.025270766,0.003226463,0.019557783
81,0.006648312,0.03152305,0.02662132,0.025270766,0.003226463,0.019557783
82,0.006648312,0.03152305,0.02662132,0.025270766,0.003226463,0.019557783
83,0.006648312,0.03152305,0.02662132,0.025270766,0.003226463,0.019557783
84,0.006648312,0.03152305,0.02662132,0.025270766,0.003226463,0.019557783
85,0.006648312,0.03152305,0.02662132,0.025270766,0.003226463,0.019557783
86,0.006648312,0.03152305,0.02662132,0.025270766,0.003226463,0.019557783
87,0.006648312,0.03152305,0.02662132,0.025270766,0.003226463,0.019557783
88,0.006648312,0.03152305,0.02662132,0.025270766,0.003226463,0.019557783
89,0.006690437,0.031411912,0.026208326,0.024435414,0.00307291,0.019650882
90,0.006690437,0.031411912,0.026208326,0.024435414,0.00307291,0.019650882
91,0.006608544,0.029627472,0.025871571,0.024148226,0.003056056,0.019003723
92,0.006608544,0.029627472,0.025871571,0.024148226,0.003056056,0.019003723
93,0.006608544,0.029627472,0.025871571,0.024148226,0.003056056,0.019003723
94,0.006608544,0.029627472,0.025871571,0.024148226,0.003056056,0.019003723
95,0.006608544,0.029627472,0.025871571,0.024148226,0.003056056,0.019003723
96,0.006608544,0.029627472,0.025871571,0.024148226,0.003056056,0.019003723
97,0.006608544,0.029627472,0.025871571,0.024148226,0.003056056,0.019003723
98,0.006608544,0.029627472,0.025871571,0.024148226,0.003056056,0.019003723
99,0.006608544,0.029627472,0.025871571,0.024148226,0.003056056,0.019003723
100,0.006608544,0.029627472,0.025871571,0.024148226,0.003056056,0.019003723
101,0.006608544,0.029627472,0.025871571,0.024148226,0.003056056,0.019003723
102,0.006608544,0.029627472,0.025871571,0.024148226,0.003056056,0.019003723
103,0.006608544,0.029627472,0.025871571,0.024148226,0.003056056,0.019003723
104,0.00652665,0.02784303,0.025534816,0.023861036,0.003039203,0.018356562
105,0.00652665,0.02784303,0.025534816,0.023861036,0.003039203,0.018356562
106,0.006707536,0.028630096,0.025079913,0.023369258,0.003135563,0.017350316
107,0.006707536,0.028630096,0.025079913,0.023369258,0.003135563,0.017350316
108,0.006707536,0.028630096,0.025079913,0.023369258,0.003135563,0.017350316
109,0.006707536,0.028630096,0.025079913,0.023369258,0.003135563,0.017350316
110,0.006707536,0.028630096,0.025079913,0.023369258,0.003135563,0.017350316
111,0.006707536,0.028630096,0.025079913,0.023369258,0.003135563,0.017350316
112,0.006707536,0.028630096,0.025079913,0.023369258,0.003135563,0.017350316
113,0.006707536,0.028630096,0.025079913,0.023369258,0.003135563,0.017350316
114,0.006707536,0.028630096,0.025079913,0.023369258,0.003135563,0.017350316
115,0.006707536,0.028630096,0.025079913,0.023369258,0.003135563,0.017350316
116,0.006707536,0.028630096,0.025079913,0.023369258,0.003135563,0.017350316
117,0.006707536,0.028630096,0.025079913,0.023369258,0.003135563,0.017350316
118,0.006707536,0.028630096,0.025079913,0.023369258,0.003135563,0.017350316
119,0.006888421,0.029417163,0.024625009,0.02287748,0.003231923,0.016344069
120,0.006888421,0.029417163,0.024625009,0.02287748,0.003231923,0.016344069
121,0.013462415,0.0322722,0.025703114,0.019333873,0.00312217,0.016390728
122,0.013462415,0.0322722,0.025703114,0.019333873,0.00312217,0.016390728
123,0.013462415,0.0322722,0.025703114,0.019333873,0.00312217,0.016390728
124,0.013462415,0.0322722,0.025703114,0.019333873,0.00312217,0.016390728
125,0.013462415,0.0322722,0.025703114,0.019333873,0.00312217,0.016390728
126,0.013462415,0.0322722,0.025703114,0.019333873,0.00312217,0.016390728
127,0.013462415,0.0322722,0.025703114,0.019333873,0.00312217,0.016390728
128,0.013462415,0.0322722,0.025703114,0.019333873,0.00312217,0.016390728
129,0.013462415,0.0322722,0.025703114,0.019333873,0.00312217,0.016390728
130,0.013462415,0.0322722,0.025703114,0.019333873,0.00312217,0.016390728
131,0.013462415,0.0322722,0.025703114,0.019333873,0.00312217,0.016390728
132,0.013462415,0.0322722,0.025703114,0.019333873,0.00312217,0.016390728
133,0.013462415,0.0322722,0.025703114,0.019333873,0.00312217,0.016390728
134,0.020036409,0.03512724,0.026781216,0.015790263,0.003012416,0.016437387
135,0.020036409,0.03512724,0.026781216,0.015790263,0.003012416,0.016437387
136,0.15352815,0.03989826,0.032156385,0.010287029,0.002633491,0.015213706
137,0.15352815,0.03989826,0.032156385,0.010287029,0.002633491,0.015213706
138,0.15352815,0.03989826,0.032156385,0.010287029,0.002633491,0.015213706
139,0.15352815,0.03989826,0.032156385,0.010287029,0.002633491,0.015213706
140,0.15352815,0.03989826,0.032156385,0.010287029,0.002633491,0.015213706
141,0.15352815,0.03989826,0.032156385,0.010287029,0.002633491,0.015213706
142,0.15352815,0.03989826,0.032156385,0.010287029,0.002633491,0.015213706
143,0.15352815,0.03989826,0.032156385,0.010287029,0.002633491,0.015213706
144,0.15352815,0.03989826,0.032156385,0.010287029,0.002633491,0.015213706
145,0.15352815,0.03989826,0.032156385,0.010287029,0.002633491,0.015213706
146,0.15352815,0.03989826,0.032156385,0.010287029,0.002633491,0.015213706
147,0.15352815,0.03989826,0.032156385,0.010287029,0.002633491,0.015213706
148,0.15352815,0.03989826,0.032156385,0.010287029,0.002633491,0.015213706
149,0.2870199,0.044669278,0.03753155,0.004783794,0.002254566,0.013990025
150,0.2870199,0.044669278,0.03753155,0.004783794,0.002254566,0.013990025
151,0.41541868,0.03527039,0.03896534,0.003629952,0.001868316,0.011856995
152,0.41541868,0.03527039,0.03896534,0.003629952,0.001868316,0.011856995
153,0.41541868,0.03527039,0.03896534,0.003629952,0.001868316,0.011856995
154,0.41541868,0.03527039,0.03896534,0.003629952,0.001868316,0.011856995
155,0.41541868,0.03527039,0.03896534,0.003629952,0.001868316,0.011856995
156,0.41541868,0.03527039,0.03896534,0.003629952,0.001868316,0.011856995
157,0.41541868,0.03527039,0.03896534,0.003629952,0.001868316,0.011856995
158,0.41541868,0.03527039,0.03896534,0.003629952,0.001868316,0.011856995
159,0.41541868,0.03527039,0.03896534,0.003629952,0.001868316,0.011856995
160,0.41541868,0.03527039,0.03896534,0.003629952,0.001868316,0.011856995
161,0.41541868,0.03527039,0.03896534,0.003629952,0.001868316,0.011856995
162,0.41541868,0.03527039,0.03896534,0.003629952,0.001868316,0.011856995
163,0.41541868,0.03527039,0.03896534,0.003629952,0.001868316,0.011856995
164,0.54381746,0.025871502,0.04039913,0.002476111,0.001482066,0.009723964
165,0.54381746,0.025871502,0.04039913,0.002476111,0.001482066,0.009723964
166,0.41121137,0.025623247,0.065496825,0.004158957,0.0015889,0.010592783
167,0.41121137,0.025623247,0.065496825,0.004158957,0.0015889,0.010592783
168,0.41121137,0.025623247,0.065496825,0.004158957,0.0015889,0.010592783
169,0.41121137,0.025623247,0.065496825,0.004158957,0.0015889,0.010592783
170,0.41121137,0.025623247,0.065496825,0.004158957,0.0015889,0.010592783
171,0.41121137,0.025623247,0.065496825,0.004158957,0.0015889,0.010592783
172,0.41121137,0.025623247,0.065496825,0.004158957,0.0015889,0.010592783
173,0.41121137,0.025623247,0.065496825,0.004158957,0.0015889,0.010592783
174,0.41121137,0.025623247,0.065496825,0.004158957,0.0015889,0.010592783
175,0.41121137,0.025623247,0.065496825,0.004158957,0.0015889,0.010592783
176,0.41121137,0.025623247,0.065496825,0.004158957,0.0015889,0.010592783
177,0.41121137,0.025623247,0.065496825,0.004158957,0.0015889,0.010592783
178,0.41121137,0.025623247,0.065496825,0.004158957,0.0015889,0.010592783
179,0.2786053,0.02537499,0.090594515,0.005841802,0.001695735,0.011461601
180,0.2786053,0.02537499,0.090594515,0.005841802,0.001695735,0.011461601
181,0.4117291,0.020260204,0.08548884,0.004596299,0.001585477,0.009562667
182,0.4117291,0.020260204,0.08548884,0.004596299,0.001585477,0.009562667
183,0.4117291,0.020260204,0.08548884,0.004596299,0.001585477,0.009562667
184,0.4117291,0.020260204,0.08548884,0.004596299,0.001585477,0.009562667
185,0.4117291,0.020260204,0.08548884,0.004596299,0.001585477,0.009562667
186,0.4117291,0.020260204,0.08548884,0.004596299,0.001585477,0.009562667
187,0.4117291,0.020260204,0.08548884,0.004596299,0.001585477,0.009562667
188,0.4117291,0.020260204,0.08548884,0.004596299,0.001585477,0.009562667
189,0.4117291,0.020260204,0.08548884,0.004596299,0.001585477,0.009562667
190,0.4117291,0.020260204,0.08548884,0.004596299,0.001585477,0.009562667
191,0.4117291,0.020260204,0.08548884,0.004596299,0.001585477,0.009562667
192,0.4117291,0.020260204,0.08548884,0.004596299,0.001585477,0.009562667
193,0.4117291,0.020260204,0.08548884,0.004596299,0.001585477,0.009562667
194,0.54485285,0.015145419,0.080383174,0.003350795,0.00147522,0.007663732
195,0.54485285,0.015145419,0.080383174,0.003350795,0.00147522,0.007663732
196,0.6358765,0.01227516,0.060158163,0.002258072,0.001165894,0.006295809
197,0.6358765,0.01227516,0.060158163,0.002258072,0.001165894,0.006295809
198,0.6358765,0.01227516,0.060158163,0.002258072,0.001165894,0.006295809
199,0.6358765,0.01227516,0.060158163,0.002258072,0.001165894,0.006295809
200,0.6358765,0.01227516,0.060158163,0.002258072,0.001165894,0.006295809
201,0.6358765,0.01227516,0.060158163,0.002258072,0.001165894,0.006295809
202,0.6358765,0.01227516,0.060158163,0.002258072,0.001165894,0.006295809
203,0.6358765,0.01227516,0.060158163,0.002258072,0.001165894,0.006295809
204,0.6358765,0.01227516,0.060158163,0.002258072,0.001165894,0.006295809
205,0.6358765,0.01227516,0.060158163,0.002258072,0.001165894,0.006295809
206,0.6358765,0.01227516,0.060158163,0.002258072,0.001165894,0.006295809
207,0.6358765,0.01227516,0.060158163,0.002258072,0.001165894,0.006295809
208,0.6358765,0.01227516,0.060158163,0.002258072,0.001165894,0.006295809
209,0.7269001,0.009404901,0.03993315,0.00116535,0.000856568,0.004927886
210,0.7269001,0.009404901,0.03993315,0.00116535,0.000856568,0.004927886
211,0.56672454,0.015915256,0.03881342,0.001567695,0.001024271,0.006768274
212,0.56672454,0.015915256,0.03881342,0.001567695,0.001024271,0.006768274
213,0.56672454,0.015915256,0.03881342,0.001567695,0.001024271,0.006768274
214,0.56672454,0.015915256,0.03881342,0.001567695,0.001024271,0.006768274
215,0.56672454,0.015915256,0.03881342,0.001567695,0.001024271,0.006768274
216,0.56672454,0.015915256,0.03881342,0.001567695,0.001024271,0.006768274
217,0.56672454,0.015915256,0.03881342,0.001567695,0.001024271,0.006768274
218,0.56672454,0.015915256,0.03881342,0.001567695,0.001024271,0.006768274
219,0.56672454,0.015915256,0.03881342,0.001567695,0.001024271,0.006768274
220,0.56672454,0.015915256,0.03881342,0.001567695,0.001024271,0.006768274
221,0.56672454,0.015915256,0.03881342,0.001567695,0.001024271,0.006768274
222,0.56672454,0.015915256,0.03881342,0.001567695,0.001024271,0.006768274
223,0.56672454,0.015915256,0.03881342,0.001567695,0.001024271,0.006768274
224,0.40654895,0.02242561,0.037693694,0.001970041,0.001191975,0.008608663
225,0.40654895,0.02242561,0.037693694,0.001970041,0.001191975,0.008608663
226,0.220144,0.056599185,0.029058112,0.004658676,0.002435197,0.01008871
227,0.220144,0.056599185,0.029058112,0.004658676,0.002435197,0.01008871
228,0.220144,0.056599185,0.029058112,0.004658676,0.002435197,0.01008871
229,0.220144,0.056599185,0.029058112,0.004658676,0.002435197,0.01008871
230,0.220144,0.056599185,0.029058112,0.004658676,0.002435197,0.01008871
231,0.220144,0.056599185,0.029058112,0.004658676,0.002435197,0.01008871
232,0.220144,0.056599185,0.029058112,0.004658676,0.002435197,0.01008871
233,0.220144,0.056599185,0.029058112,0.004658676,0.002435197,0.01008871
234,0.220144,0.056599185,0.029058112,0.004658676,0.002435197,0.01008871
235,0.220144,0.056599185,0.029058112,0.004658676,0.002435197,0.01008871
236,0.220144,0.056599185,0.029058112,0.004658676,0.002435197,0.01008871
237,0.220144,0.056599185,0.029058112,0.004658676,0.002435197,0.01008871
238,0.220144,0.056599185,0.029058112,0.004658676,0.002435197,0.01008871
239,0.033739045,0.090772755,0.02042253,0.007347312,0.00367842,0.011568759
240,0.033739045,0.090772755,0.02042253,0.007347312,0.00367842,0.011568759
241,0.022737704,0.11667085,0.018133817,0.013487959,0.006924604,0.014772641
242,0.022737704,0.11667085,0.018133817,0.013487959,0.006924604,0.014772641
243,0.022737704,0.11667085,0.018133817,0.013487959,0.006924604,0.014772641
244,0.022737704,0.11667085,0.018133817,0.013487959,0.006924604,0.014772641
245,0.022737704,0.11667085,0.018133817,0.013487959,0.006924604,0.014772641
246,0.022737704,0.11667085,0.018133817,0.013487959,0.006924604,0.014772641
247,0.022737704,0.11667085,0.018133817,0.013487959,0.006924604,0.014772641
248,0.022737704,0.11667085,0.018133817,0.013487959,0.006924604,0.014772641
249,0.022737704,0.11667085,0.018133817,0.013487959,0.006924604,0.014772641
250,0.022737704,0.11667085,0.018133817,0.013487959,0.006924604,0.014772641
251,0.022737704,0.11667085,0.018133817,0.013487959,0.006924604,0.014772641
252,0.022737704,0.11667085,0.018133817,0.013487959,0.006924604,0.014772641
253,0.022737704,0.11667085,0.018133817,0.013487959,0.006924604,0.014772641
254,0.011736364,0.14256893,0.015845105,0.019628607,0.010170789,0.017976522
255,0.011736364,0.14256893,0.015845105,0.019628607,0.010170789,0.017976522
256,0.012189826,0.13501553,0.022629617,0.025254922,0.008510203,0.02497346
257,0.012189826,0.13501553,0.022629617,0.025254922,0.008510203,0.02497346
258,0.012189826,0.13501553,0.022629617,0.025254922,0.008510203,0.02497346
259,0.012189826,0.13501553,0.022629617,0.025254922,0.008510203,0.02497346
260,0.012189826,0.13501553,0.022629617,0.025254922,0.008510203,0.02497346
261,0.012189826,0.13501553,0.022629617,0.025254922,0.008510203,0.02497346
262,0.012189826,0.13501553,0.022629617,0.025254922,0.008510203,0.02497346
263,0.012189826,0.13501553,0.022629617,0.025254922,0.008510203,0.02497346
264,0.012189826,0.13501553,0.022629617,0.025254922,0.008510203,0.02497346
265,0.012189826,0.13501553,0.022629617,0.025254922,0.008510203,0.02497346
266,0.012189826,0.13501553,0.022629617,0.025254922,0.008510203,0.02497346
267,0.012189826,0.13501553,0.022629617,0.025254922,0.008510203,0.02497346
268,0.012189826,0.13501553,0.022629617,0.025254922,0.008510203,0.02497346
269,0.012643287,0.12746213,0.029414129,0.030881237,0.006849617,0.031970397
270,0.012643287,0.12746213,0.029414129,0.030881237,0.006849617,0.031970397
271,0.015879486,0.1294153,0.035648078,0.031002425,0.005775969,0.03985697
272,0.015879486,0.1294153,0.035648078,0.031002425,0.005775969,0.03985697
273,0.015879486,0.1294153,0.035648078,0.031002425,0.005775969,0.03985697
274,0.015879486,0.1294153,0.035648078,0.031002425,0.005775969,0.03985697
275,0.015879486,0.1294153,0.035648078,0.031002425,0.005775969,0.03985697
276,0.015879486,0.1294153,0.035648078,0.031002425,0.005775969,0.03985697
277,0.015879486,0.1294153,0.035648078,0.031002425,0.005775969,0.03985697
278,0.015879486,0.1294153,0.035648078,0.031002425,0.005775969,0.03985697
279,0.015879486,0.1294153,0.035648078,0.031002425,0.005775969,0.03985697
280,0.015879486,0.1294153,0.035648078,0.031002425,0.005775969,0.03985697
281,0.015879486,0.1294153,0.035648078,0.031002425,0.005775969,0.03985697
282,0.015879486,0.1294153,0.035648078,0.031002425,0.005775969,0.03985697
283,0.015879486,0.1294153,0.035648078,0.031002425,0.005775969,0.03985697
284,0.019115686,0.13136849,0.04188203,0.031123612,0.004702319,0.047743544
285,0.019115686,0.13136849,0.04188203,0.031123612,0.004702319,0.047743544
286,0.020262068,0.15314624,0.034714084,0.02855371,0.00699458,0.041372873
287,0.020262068,0.15314624,0.034714084,0.02855371,0.00699458,0.041372873
288,0.020262068,0.15314624,0.034714084,0.02855371,0.00699458,0.041372873
289,0.020262068,0.15314624,0.034714084,0.02855371,0.00699458,0.041372873
290,0.020262068,0.15314624,0.034714084,0.02855371,0.00699458,0.041372873
291,0.020262068,0.15314624,0.034714084,0.02855371,0.00699458,0.041372873
292,0.020262068,0.15314624,0.034714084,0.02855371,0.00699458,0.041372873
293,0.020262068,0.15314624,0.034714084,0.02855371,0.00699458,0.041372873
294,0.020262068,0.15314624,0.034714084,0.02855371,0.00699458,0.041372873
295,0.020262068,0.15314624,0.034714084,0.02855371,0.00699458,0.041372873
296,0.020262068,0.15314624,0.034714084,0.02855371,0.00699458,0.041372873
297,0.020262068,0.15314624,0.034714084,0.02855371,0.00699458,0.041372873
298,0.020262068,0.15314624,0.034714084,0.02855371,0.00699458,0.041372873
299,0.02140845,0.174924,0.02754614,0.025983809,0.00928684,0.035002206
300,0.02140845,0.174924,0.02754614,0.025983809,0.00928684,0.035002206
301,0.020823788,0.18477368,0.02286102,0.02311416,0.010866292,0.03256329
302,0.020823788,0.18477368,0.02286102,0.02311416,0.010866292,0.03256329
303,0.020823788,0.18477368,0.02286102,0.02311416,0.010866292,0.03256329
304,0.020823788,0.18477368,0.02286102,0.02311416,0.010866292,0.03256329
305,0.020823788,0.18477368,0.02286102,0.02311416,0.010866292,0.03256329
306,0.020823788,0.18477368,0.02286102,0.02311416,0.010866292,0.03256329
307,0.020823788,0.18477368,0.02286102,0.02311416,0.010866292,0.03256329
308,0.020823788,0.18477368,0.02286102,0.02311416,0.010866292,0.03256329
309,0.020823788,0.18477368,0.02286102,0.02311416,0.010866292,0.03256329
310,0.020823788,0.18477368,0.02286102,0.02311416,0.010866292,0.03256329
311,0.020823788,0.18477368,0.02286102,0.02311416,0.010866292,0.03256329
312,0.020823788,0.18477368,0.02286102,0.02311416,0.010866292,0.03256329
313,0.020823788,0.18477368,0.02286102,0.02311416,0.010866292,0.03256329
314,0.020239128,0.19462335,0.018175902,0.020244513,0.012445745,0.030124381
315,0.020239128,0.19462335,0.018175902,0.020244513,0.012445745,0.030124381
316,0.020080369,0.2380493,0.016919494,0.022703802,0.015658094,0.031070823
317,0.020080369,0.2380493,0.016919494,0.022703802,0.015658094,0.031070823
318,0.020080369,0.2380493,0.016919494,0.022703802,0.015658094,0.031070823
319,0.020080369,0.2380493,0.016919494,0.022703802,0.015658094,0.031070823
320,0.020080369,0.2380493,0.016919494,0.022703802,0.015658094,0.031070823
321,0.020080369,0.2380493,0.016919494,0.022703802,0.015658094,0.031070823
322,0.020080369,0.2380493,0.016919494,0.022703802,0.015658094,0.031070823
323,0.020080369,0.2380493,0.016919494,0.022703802,0.015658094,0.031070823
324,0.020080369,0.2380493,0.016919494,0.022703802,0.015658094,0.031070823
325,0.020080369,0.2380493,0.016919494,0.022703802,0.015658094,0.031070823
326,0.020080369,0.2380493,0.016919494,0.022703802,0.015658094,0.031070823
327,0.020080369,0.2380493,0.016919494,0.022703802,0.015658094,0.031070823
328,0.020080369,0.2380493,0.016919494,0.022703802,0.015658094,0.031070823
329,0.019921612,0.28147525,0.015663084,0.025163092,0.018870441,0.032017265
330,0.019921612,0.28147525,0.015663084,0.025163092,0.018870441,0.032017265
331,0.021177683,0.3113287,0.015911104,0.02692792,0.023027195,0.029642489
332,0.021177683,0.3113287,0.015911104,0.02692792,0.023027195,0.029642489
333,0.021177683,0.3113287,0.015911104,0.02692792,0.023027195,0.029642489
334,0.021177683,0.3113287,0.015911104,0.02692792,0.023027195,0.029642489
335,0.021177683,0.3113287,0.015911104,0.02692792,0.023027195,0.029642489
336,0.021177683,0.3113287,0.015911104,0.02692792,0.023027195,0.029642489
337,0.021177683,0.3113287,0.015911104,0.02692792,0.023027195,0.029642489
338,0.021177683,0.3113287,0.015911104,0.02692792,0.023027195,0.029642489
339,0.021177683,0.3113287,0.015911104,0.02692792,0.023027195,0.029642489
340,0.021177683,0.3113287,0.015911104,0.02692792,0.023027195,0.029642489
341,0.021177683,0.3113287,0.015911104,0.02692792,0.023027195,0.029642489
342,0.021177683,0.3113287,0.015911104,0.02692792,0.023027195,0.029642489
343,0.021177683,0.3113287,0.015911104,0.02692792,0.023027195,0.029642489
344,0.022433752,0.34118214,0.016159125,0.028692748,0.027183948,0.027267715
345,0.022433752,0.34118214,0.016159125,0.028692748,0.027183948,0.027267715
346,0.022896752,0.2956146,0.02515688,0.033519853,0.021480754,0.030818112
347,0.022896752,0.2956146,0.02515688,0.033519853,0.021480754,0.030818112
348,0.022896752,0.2956146,0.02515688,0.033519853,0.021480754,0.030818112
349,0.022896752,0.2956146,0.02515688,0.033519853,0.021480754,0.030818112
350,0.022896752,0.2956146,0.02515688,0.033519853,0.021480754,0.030818112
351,0.022896752,0.2956146,0.02515688,0.033519853,0.021480754,0.030818112
352,0.022896752,0.2956146,0.02515688,0.033519853,0.021480754,0.030818112
353,0.022896752,0.2956146,0.02515688,0.033519853,0.021480754,0.030818112
354,0.022896752,0.2956146,0.02515688,0.033519853,0.021480754,0.030818112
355,0.022896752,0.2956146,0.02515688,0.033519853,0.021480754,0.030818112
356,0.022896752,0.2956146,0.02515688,0.033519853,0.021480754,0.030818112
357,0.022896752,0.2956146,0.02515688,0.033519853,0.021480754,0.030818112
358,0.022896752,0.2956146,0.02515688,0.033519853,0.021480754,0.030818112
359,0.023359753,0.25004703,0.034154635,0.038346957,0.015777558,0.034368508
360,0.023359753,0.25004703,0.034154635,0.038346957,0.015777558,0.034368508
361,0.027196161,0.2062326,0.1074966,0.066236414,0.011057274,0.046773806
362,0.027196161,0.2062326,0.1074966,0.066236414,0.011057274,0.046773806
363,0.027196161,0.2062326,0.1074966,0.066236414,0.011057274,0.046773806
364,0.027196161,0.2062326,0.1074966,0.066236414,0.011057274,0.046773806
365,0.027196161,0.2062326,0.1074966,0.066236414,0.011057274,0.046773806
366,0.027196161,0.2062326,0.1074966,0.066236414,0.011057274,0.046773806
367,0.027196161,0.2062326,0.1074966,0.066236414,0.011057274,0.046773806
368,0.027196161,0.2062326,0.1074966,0.066236414,0.011057274,0.046773806
369,0.027196161,0.2062326,0.1074966,0.066236414,0.011057274,0.046773806
370,0.027196161,0.2062326,0.1074966,0.066236414,0.011057274,0.046773806
371,0.027196161,0.2062326,0.1074966,0.066236414,0.011057274,0.046773806
372,0.027196161,0.2062326,0.1074966,0.066236414,0.011057274,0.046773806
373,0.027196161,0.2062326,0.1074966,0.066236414,0.011057274,0.046773806
374,0.031032572,0.1624182,0.18083856,0.09412587,0.006336989,0.059179105
375,0.031032572,0.1624182,0.18083856,0.09412587,0.006336989,0.059179105
376,0.024983767,0.12810022,0.19785649,0.10079929,0.00506237,0.055612557
377,0.024983767,0.12810022,0.19785649,0.10079929,0.00506237,0.055612557
378,0.024983767,0.12810022,0.19785649,0.10079929,0.00506237,0.055612557
379,0.024983767,0.12810022,0.19785649,0.10079929,0.00506237,0.055612557
380,0.024983767,0.12810022,0.19785649,0.10079929,0.00506237,0.055612557
381,0.024983767,0.12810022,0.19785649,0.10079929,0.00506237,0.055612557
382,0.024983767,0.12810022,0.19785649,0.10079929,0.00506237,0.055612557
383,0.024983767,0.12810022,0.19785649,0.10079929,0.00506237,0.055612557
384,0.024983767,0.12810022,0.19785649,0.10079929,0.00506237,0.055612557
385,0.024983767,0.12810022,0.19785649,0.10079929,0.00506237,0.055612557
386,0.024983767,0.12810022,0.19785649,0.10079929,0.00506237,0.055612557
387,0.024983767,0.12810022,0.19785649,0.10079929,0.00506237,0.055612557
388,0.024983767,0.12810022,0.19785649,0.10079929,0.00506237,0.055612557
389,0.018934963,0.09378224,0.21487442,0.10747271,0.00378775,0.05204601
390,0.018934963,0.09378224,0.21487442,0.10747271,0.00378775,0.05204601
391,0.015355354,0.08266629,0.2049205,0.10094664,0.003291762,0.046247497
392,0.015355354,0.08266629,0.2049205,0.10094664,0.003291762,0.046247497
393,0.015355354,0.08266629,0.2049205,0.10094664,0.003291762,0.046247497
394,0.015355354,0.08266629,0.2049205,0.10094664,0.003291762,0.046247497
395,0.015355354,0.08266629,0.2049205,0.10094664,0.003291762,0.046247497
396,0.015355354,0.08266629,0.2049205,0.10094664,0.003291762,0.046247497
397,0.015355354,0.08266629,0.2049205,0.10094664,0.003291762,0.046247497
398,0.015355354,0.08266629,0.2049205,0.10094664,0.003291762,0.046247497
399,0.015355354,0.08266629,0.2049205,0.10094664,0.003291762,0.046247497
400,0.015355354,0.08266629,0.2049205,0.10094664,0.003291762,0.046247497
401,0.015355354,0.08266629,0.2049205,0.10094664,0.003291762,0.046247497
402,0.015355354,0.08266629,0.2049205,0.10094664,0.003291762,0.046247497
403,0.015355354,0.08266629,0.2049205,0.10094664,0.003291762,0.046247497
404,0.011775744,0.071550354,0.19496657,0.094420575,0.002795775,0.04044899
405,0.011775744,0.071550354,0.19496657,0.094420575,0.002795775,0.04044899
406,0.014306208,0.08473185,0.20697775,0.101352826,0.002876631,0.057414986
407,0.014306208,0.08473185,0.20697775,0.101352826,0.002876631,0.057414986
408,0.014306208,0.08473185,0.20697775,0.101352826,0.002876631,0.057414986
409,0.014306208,0.08473185,0.20697775,0.101352826,0.002876631,0.057414986
410,0.014306208,0.08473185,0.20697775,0.101352826,0.002876631,0.057414986
411,0.014306208,0.08473185,0.20697775,0.101352826,0.002876631,0.057414986
412,0.014306208,0.08473185,0.20697775,0.101352826,0.002876631,0.057414986
413,0.014306208,0.08473185,0.20697775,0.101352826,0.002876631,0.057414986
414,0.014306208,0.08473185,0.20697775,0.101352826,0.002876631,0.057414986
415,0.014306208,0.08473185,0.20697775,0.101352826,0.002876631,0.057414986
416,0.014306208,0.08473185,0.20697775,0.101352826,0.002876631,0.057414986
417,0.014306208,0.08473185,0.20697775,0.101352826,0.002876631,0.057414986
418,0.014306208,0.08473185,0.20697775,0.101352826,0.002876631,0.057414986
419,0.016836671,0.09791335,0.21898894,0.10828507,0.002957486,0.07438098
420,0.016836671,0.09791335,0.21898894,0.10828507,0.002957486,0.07438098
421,0.022000251,0.08943595,0.22035047,0.092296876,0.003421434,0.06503528
422,0.022000251,0.08943595,0.22035047,0.092296876,0.003421434,0.06503528
423,0.022000251,0.08943595,0.22035047,0.092296876,0.003421434,0.06503528
424,0.022000251,0.08943595,0.22035047,0.092296876,0.003421434,0.06503528
425,0.022000251,0.08943595,0.22035047,0.092296876,0.003421434,0.06503528
426,0.022000251,0.08943595,0.22035047,0.092296876,0.003421434,0.06503528
427,0.022000251,0.08943595,0.22035047,0.092296876,0.003421434,0.06503528
428,0.022000251,0.08943595,0.22035047,0.092296876,0.003421434,0.06503528
429,0.022000251,0.08943595,0.22035047,0.092296876,0.003421434,0.06503528
430,0.022000251,0.08943595,0.22035047,0.092296876,0.003421434,0.06503528
431,0.022000251,0.08943595,0.22035047,0.092296876,0.003421434,0.06503528
432,0.022000251,0.08943595,0.22035047,0.092296876,0.003421434,0.06503528
433,0.022000251,0.08943595,0.22035047,0.092296876,0.003421434,0.06503528
434,0.027163832,0.080958545,0.22171201,0.07630868,0.003885381,0.055689596
435,0.027163832,0.080958545,0.22171201,0.07630868,0.003885381,0.055689596
436,0.02750539,0.06369388,0.17550084,0.054719843,0.00374833,0.038057707
437,0.02750539,0.06369388,0.17550084,0.054719843,0.00374833,0.038057707
438,0.02750539,0.06369388,0.17550084,0.054719843,0.00374833,0.038057707
439,0.02750539,0.06369388,0.17550084,0.054719843,0.00374833,0.038057707
440,0.02750539,0.06369388,0.17550084,0.054719843,0.00374833,0.038057707
441,0.02750539,0.06369388,0.17550084,0.054719843,0.00374833,0.038057707
442,0.02750539,0.06369388,0.17550084,0.054719843,0.00374833,0.038057707
443,0.02750539,0.06369388,0.17550084,0.054719843,0.00374833,0.038057707
444,0.02750539,0.06369388,0.17550084,0.054719843,0.00374833,0.038057707
445,0.02750539,0.06369388,0.17550084,0.054719843,0.00374833,0.038057707
446,0.02750539,0.06369388,0.17550084,0.054719843,0.00374833,0.038057707
447,0.02750539,0.06369388,0.17550084,0.054719843,0.00374833,0.038057707
448,0.02750539,0.06369388,0.17550084,0.054719843,0.00374833,0.038057707
449,0.027846951,0.046429217,0.12928969,0.033131,0.003611279,0.02042582
450,0.027846951,0.046429217,0.12928969,0.033131,0.003611279,0.02042582
451,0.02686387,0.047144234,0.095613375,0.027794477,0.003391073,0.018693801
452,0.02686387,0.047144234,0.095613375,0.027794477,0.003391073,0.018693801
453,0.02686387,0.047144234,0.095613375,0.027794477,0.003391073,0.018693801
454,0.02686387,0.047144234,0.095613375,0.027794477,0.003391073,0.018693801
455,0.02686387,0.047144234,0.095613375,0.027794477,0.003391073,0.018693801
456,0.02686387,0.047144234,0.095613375,0.027794477,0.003391073,0.018693801
457,0.02686387,0.047144234,0.095613375,0.027794477,0.003391073,0.018693801
458,0.02686387,0.047144234,0.095613375,0.027794477,0.003391073,0.018693801
459,0.02686387,0.047144234,0.095613375,0.027794477,0.003391073,0.018693801
460,0.02686387,0.047144234,0.095613375,0.027794477,0.003391073,0.018693801
461,0.02686387,0.047144234,0.095613375,0.027794477,0.003391073,0.018693801
462,0.02686387,0.047144234,0.095613375,0.027794477,0.003391073,0.018693801
463,0.02686387,0.047144234,0.095613375,0.027794477,0.003391073,0.018693801
464,0.02588079,0.047859255,0.06193706,0.022457952,0.003170868,0.01696178
465,0.02588079,0.047859255,0.06193706,0.022457952,0.003170868,0.01696178
466,0.025865987,0.051796127,0.046427906,0.019330665,0.003477275,0.016125266
467,0.025865987,0.051796127,0.046427906,0.019330665,0.003477275,0.016125266
468,0.025865987,0.051796127,0.046427906,0.019330665,0.003477275,0.016125266
469,0.025865987,0.051796127,0.046427906,0.019330665,0.003477275,0.016125266
470,0.025865987,0.051796127,0.046427906,0.019330665,0.003477275,0.016125266
471,0.025865987,0.051796127,0.046427906,0.019330665,0.003477275,0.016125266
472,0.025865987,0.051796127,0.046427906,0.019330665,0.003477275,0.016125266
473,0.025865987,0.051796127,0.046427906,0.019330665,0.003477275,0.016125266
474,0.025865987,0.051796127,0.046427906,0.019330665,0.003477275,0.016125266
475,0.025865987,0.051796127,0.046427906,0.019330665,0.003477275,0.016125266
476,0.025865987,0.051796127,0.046427906,0.019330665,0.003477275,0.016125266
477,0.025865987,0.051796127,0.046427906,0.019330665,0.003477275,0.016125266
478,0.025865987,0.051796127,0.046427906,0.019330665,0.003477275,0.016125266
479,0.025851183,0.055733,0.03091875,0.016203377,0.003783682,0.015288753
480,0.025851183,0.055733,0.03091875,0.016203377,0.003783682,0.015288753
481,0.02331161,0.055455428,0.04360587,0.02280989,0.003452499,0.02539086
482,0.02331161,0.055455428,0.04360587,0.02280989,0.003452499,0.02539086
483,0.02331161,0.055455428,0.04360587,0.02280989,0.003452499,0.02539086
484,0.02331161,0.055455428,0.04360587,0.02280989,0.003452499,0.02539086
485,0.02331161,0.055455428,0.04360587,0.02280989,0.003452499,0.02539086
486,0.02331161,0.055455428,0.04360587,0.02280989,0.003452499,0.02539086
487,0.02331161,0.055455428,0.04360587,0.02280989,0.003452499,0.02539086
488,0.02331161,0.055455428,0.04360587,0.02280989,0.003452499,0.02539086
489,0.02331161,0.055455428,0.04360587,0.02280989,0.003452499,0.02539086
490,0.02331161,0.055455428,0.04360587,0.02280989,0.003452499,0.02539086
491,0.02331161,0.055455428,0.04360587,0.02280989,0.003452499,0.02539086
492,0.02331161,0.055455428,0.04360587,0.02280989,0.003452499,0.02539086
493,0.02331161,0.055455428,0.04360587,0.02280989,0.003452499,0.02539086
494,0.020772036,0.055177856,0.05629299,0.029416401,0.003121315,0.035492964
495,0.020772036,0.055177856,0.05629299,0.029416401,0.003121315,0.035492964
496,0.02219503,0.06589737,0.089102715,0.043493852,0.002976702,0.058751453
497,0.02219503,0.06589737,0.089102715,0.043493852,0.002976702,0.058751453
498,0.02219503,0.06589737,0.089102715,0.043493852,0.002976702,0.058751453
499,0.02219503,0.06589737,0.089102715,0.043493852,0.002976702,0.058751453
500,0.02219503,0.06589737,0.089102715,0.043493852,0.002976702,0.058751453
501,0.02219503,0.06589737,0.089102715,0.043493852,0.002976702,0.058751453
502,0.02219503,0.06589737,0.089102715,0.043493852,0.002976702,0.058751453
503,0.02219503,0.06589737,0.089102715,0.043493852,0.002976702,0.058751453
504,0.02219503,0.06589737,0.089102715,0.043493852,0.002976702,0.058751453
505,0.02219503,0.06589737,0.089102715,0.043493852,0.002976702,0.058751453
506,0.02219503,0.06589737,0.089102715,0.043493852,0.002976702,0.058751453
507,0.02219503,0.06589737,0.089102715,0.043493852,0.002976702,0.058751453
508,0.02219503,0.06589737,0.089102715,0.043493852,0.002976702,0.058751453
509,0.023618026,0.07661688,0.12191245,0.0575713,0.002832089,0.08200994
510,0.023618026,0.07661688,0.12191245,0.0575713,0.002832089,0.08200994
511,0.02452201,0.094568625,0.12802985,0.0712446,0.003338147,0.08480683
512,0.02452201,0.094568625,0.12802985,0.0712446,0.003338147,0.08480683
513,0.02452201,0.094568625,0.12802985,0.0712446,0.003338147,0.08480683
514,0.02452201,0.094568625,0.12802985,0.0712446,0.003338147,0.08480683
515,0.02452201,0.094568625,0.12802985,0.0712446,0.003338147,0.08480683
516,0.02452201,0.094568625,0.12802985,0.0712446,0.003338147,0.08480683
517,0.02452201,0.094568625,0.12802985,0.0712446,0.003338147,0.08480683
518,0.02452201,0.094568625,0.12802985,0.0712446,0.003338147,0.08480683
519,0.02452201,0.094568625,0.12802985,0.0712446,0.003338147,0.08480683
520,0.02452201,0.094568625,0.12802985,0.0712446,0.003338147,0.08480683
521,0.02452201,0.094568625,0.12802985,0.0712446,0.003338147,0.08480683
522,0.02452201,0.094568625,0.12802985,0.0712446,0.003338147,0.08480683
523,0.02452201,0.094568625,0.12802985,0.0712446,0.003338147,0.08480683
524,0.025425993,0.11252037,0.13414724,0.0849179,0.003844206,0.08760372
525,0.025425993,0.11252037,0.13414724,0.0849179,0.003844206,0.08760372
526,0.024114586,0.10950951,0.14860815,0.10057901,0.003917074,0.085944995
527,0.024114586,0.10950951,0.14860815,0.10057901,0.003917074,0.085944995
528,0.024114586,0.10950951,0.14860815,0.10057901,0.003917074,0.085944995
529,0.024114586,0.10950951,0.14860815,0.10057901,0.003917074,0.085944995
530,0.024114586,0.10950951,0.14860815,0.10057901,0.003917074,0.085944995
531,0.024114586,0.10950951,0.14860815,0.10057901,0.003917074,0.085944995
532,0.024114586,0.10950951,0.14860815,0.10057901,0.003917074,0.085944995
533,0.024114586,0.10950951,0.14860815,0.10057901,0.003917074,0.085944995
534,0.024114586,0.10950951,0.14860815,0.10057901,0.003917074,0.085944995
535,0.024114586,0.10950951,0.14860815,0.10057901,0.003917074,0.085944995
536,0.024114586,0.10950951,0.14860815,0.10057901,0.003917074,0.085944995
537,0.024114586,0.10950951,0.14860815,0.10057901,0.003917074,0.085944995
538,0.024114586,0.10950951,0.14860815,0.10057901,0.003917074,0.085944995
539,0.022803182,0.106498666,0.16306905,0.11624011,0.003989942,0.08428627
540,0.022803182,0.106498666,0.16306905,0.11624011,0.003989942,0.08428627
541,0.020505121,0.10512662,0.14887717,0.102797925,0.003634092,0.07509567
542,0.020505121,0.10512662,0.14887717,0.102797925,0.003634092,0.07509567
543,0.020505121,0.10512662,0.14887717,0.102797925,0.003634092,0.07509567
544,0.020505121,0.10512662,0.14887717,0.102797925,0.003634092,0.07509567
545,0.020505121,0.10512662,0.14887717,0.102797925,0.003634092,0.07509567
546,0.020505121,0.10512662,0.14887717,0.102797925,0.003634092,0.07509567
547,0.020505121,0.10512662,0.14887717,0.102797925,0.003634092,0.07509567
548,0.020505121,0.10512662,0.14887717,0.102797925,0.003634092,0.07509567
549,0.020505121,0.10512662,0.14887717,0.102797925,0.003634092,0.07509567
550,0.020505121,0.10512662,0.14887717,0.102797925,0.003634092,0.07509567
551,0.020505121,0.10512662,0.14887717,0.102797925,0.003634092,0.07509567
552,0.020505121,0.10512662,0.14887717,0.102797925,0.003634092,0.07509567
553,0.020505121,0.10512662,0.14887717,0.102797925,0.003634092,0.07509567
554,0.01820706,0.10375458,0.1346853,0.08935574,0.003278243,0.06590507
555,0.01820706,0.10375458,0.1346853,0.08935574,0.003278243,0.06590507
556,0.018640082,0.11957423,0.11142993,0.07972441,0.003829612,0.05725438
557,0.018640082,0.11957423,0.11142993,0.07972441,0.003829612,0.05725438
558,0.018640082,0.11957423,0.11142993,0.07972441,0.003829612,0.05725438
559,0.018640082,0.11957423,0.11142993,0.07972441,0.003829612,0.05725438
560,0.018640082,0.11957423,0.11142993,0.07972441,0.003829612,0.05725438
561,0.018640082,0.11957423,0.11142993,0.07972441,0.003829612,0.05725438
562,0.018640082,0.11957423,0.11142993,0.07972441,0.003829612,0.05725438
563,0.018640082,0.11957423,0.11142993,0.07972441,0.003829612,0.05725438
564,0.018640082,0.11957423,0.11142993,0.07972441,0.003829612,0.05725438
565,0.018640082,0.11957423,0.11142993,0.07972441,0.003829612,0.05725438
566,0.018640082,0.11957423,0.11142993,0.07972441,0.003829612,0.05725438
567,0.018640082,0.11957423,0.11142993,0.07972441,0.003829612,0.05725438
568,0.018640082,0.11957423,0.11142993,0.07972441,0.003829612,0.05725438
569,0.019073106,0.13539387,0.088174574,0.07009308,0.004380981,0.04860369
570,0.019073106,0.13539387,0.088174574,0.07009308,0.004380981,0.04860369
571,0.01988243,0.14375103,0.08747351,0.07110065,0.004863141,0.048075005
572,0.01988243,0.14375103,0.08747351,0.07110065,0.004863141,0.048075005
573,0.01988243,0.14375103,0.08747351,0.07110065,0.004863141,0.048075005
574,0.01988243,0.14375103,0.08747351,0.07110065,0.004863141,0.048075005
575,0.01988243,0.14375103,0.08747351,0.07110065,0.004863141,0.048075005
576,0.01988243,0.14375103,0.08747351,0.07110065,0.004863141,0.048075005
577,0.01988243,0.14375103,0.08747351,0.07110065,0.004863141,0.048075005
578,0.01988243,0.14375103,0.08747351,0.07110065,0.004863141,0.048075005
579,0.01988243,0.14375103,0.08747351,0.07110065,0.004863141,0.048075005
580,0.01988243,0.14375103,0.08747351,0.07110065,0.004863141,0.048075005
581,0.01988243,0.14375103,0.08747351,0.07110065,0.004863141,0.048075005
582,0.01988243,0.14375103,0.08747351,0.07110065,0.004863141,0.048075005
583,0.01988243,0.14375103,0.08747351,0.07110065,0.004863141,0.048075005
584,0.020691754,0.15210818,0.08677244,0.072108224,0.005345301,0.047546323
585,0.020691754,0.15210818,0.08677244,0.072108224,0.005345301,0.047546323
586,0.018670958,0.12317461,0.10766543,0.08260681,0.00491538,0.0507738
587,0.018670958,0.12317461,0.10766543,0.08260681,0.00491538,0.0507738
588,0.018670958,0.12317461,0.10766543,0.08260681,0.00491538,0.0507738
589,0.018670958,0.12317461,0.10766543,0.08260681,0.00491538,0.0507738
590,0.018670958,0.12317461,0.10766543,0.08260681,0.00491538,0.0507738
591,0.018670958,0.12317461,0.10766543,0.08260681,0.00491538,0.0507738
592,0.018670958,0.12317461,0.10766543,0.08260681,0.00491538,0.0507738
593,0.018670958,0.12317461,0.10766543,0.08260681,0.00491538,0.0507738
594,0.018670958,0.12317461,0.10766543,0.08260681,0.00491538,0.0507738
595,0.018670958,0.12317461,0.10766543,0.08260681,0.00491538,0.0507738
596,0.018670958,0.12317461,0.10766543,0.08260681,0.00491538,0.0507738
597,0.018670958,0.12317461,0.10766543,0.08260681,0.00491538,0.0507738
598,0.018670958,0.12317461,0.10766543,0.08260681,0.00491538,0.0507738
599,0.016650163,0.09424104,0.12855841,0.09310539,0.004485458,0.054001275
600,0.016650163,0.09424104,0.12855841,0.09310539,0.004485458,0.054001275
601,0.014533645,0.092008665,0.10627301,0.076517425,0.003877101,0.057325706
602,0.014533645,0.092008665,0.10627301,0.076517425,0.003877101,0.057325706
603,0.014533645,0.092008665,0.10627301,0.076517425,0.003877101,0.057325706
604,0.014533645,0.092008665,0.10627301,0.076517425,0.003877101,0.057325706
605,0.014533645,0.092008665,0.10627301,0.076517425,0.003877101,0.057325706
606,0.014533645,0.092008665,0.10627301,0.076517425,0.003877101,0.057325706
607,0.014533645,0.092008665,0.10627301,0.076517425,0.003877101,0.057325706
608,0.014533645,0.092008665,0.10627301,0.076517425,0.003877101,0.057325706
609,0.014533645,0.092008665,0.10627301,0.076517425,0.003877101,0.057325706
610,0.014533645,0.092008665,0.10627301,0.076517425,0.003877101,0.057325706
611,0.014533645,0.092008665,0.10627301,0.076517425,0.003877101,0.057325706
612,0.014533645,0.092008665,0.10627301,0.076517425,0.003877101,0.057325706
613,0.014533645,0.092008665,0.10627301,0.076517425,0.003877101,0.057325706
614,0.012417126,0.0897763,0.0839876,0.059929457,0.003268744,0.060650136
615,0.012417126,0.0897763,0.0839876,0.059929457,0.003268744,0.060650136
616,0.011089696,0.0816734,0.059839778,0.046276737,0.003384086,0.04422222
617,0.011089696,0.0816734,0.059839778,0.046276737,0.003384086,0.04422222
618,0.011089696,0.0816734,0.059839778,0.046276737,0.003384086,0.04422222
619,0.011089696,0.0816734,0.059839778,0.046276737,0.003384086,0.04422222
620,0.011089696,0.0816734,0.059839778,0.046276737,0.003384086,0.04422222
621,0.011089696,0.0816734,0.059839778,0.046276737,0.003384086,0.04422222
622,0.011089696,0.0816734,0.059839778,0.046276737,0.003384086,0.04422222
623,0.011089696,0.0816734,0.059839778,0.046276737,0.003384086,0.04422222
624,0.011089696,0.0816734,0.059839778,0.046276737,0.003384086,0.04422222
625,0.011089696,0.0816734,0.059839778,0.046276737,0.003384086,0.04422222
626,0.011089696,0.0816734,0.059839778,0.046276737,0.003384086,0.04422222
627,0.011089696,0.0816734,0.059839778,0.046276737,0.003384086,0.04422222
628,0.011089696,0.0816734,0.059839778,0.046276737,0.003384086,0.04422222
629,0.009762266,0.073570505,0.03569195,0.032624017,0.003499429,0.027794309
630,0.009762266,0.073570505,0.03569195,0.032624017,0.003499429,0.027794309
631,0.009314528,0.054999568,0.02760328,0.021000117,0.004849753,0.020149972
632,0.009314528,0.054999568,0.02760328,0.021000117,0.004849753,0.020149972
633,0.009314528,0.054999568,0.02760328,0.021000117,0.004849753,0.020149972
634,0.009314528,0.054999568,0.02760328,0.021000117,0.004849753,0.020149972
635,0.009314528,0.054999568,0.02760328,0.021000117,0.004849753,0.020149972
636,0.009314528,0.054999568,0.02760328,0.021000117,0.004849753,0.020149972
637,0.009314528,0.054999568,0.02760328,0.021000117,0.004849753,0.020149972
638,0.009314528,0.054999568,0.02760328,0.021000117,0.004849753,0.020149972
639,0.009314528,0.054999568,0.02760328,0.021000117,0.004849753,0.020149972
640,0.009314528,0.054999568,0.02760328,0.021000117,0.004849753,0.020149972
641,0.009314528,0.054999568,0.02760328,0.021000117,0.004849753,0.020149972
642,0.009314528,0.054999568,0.02760328,0.021000117,0.004849753,0.020149972
643,0.009314528,0.054999568,0.02760328,0.021000117,0.004849753,0.020149972
644,0.00886679,0.03642863,0.019514611,0.009376217,0.006200078,0.012505638
645,0.00886679,0.03642863,0.019514611,0.009376217,0.006200078,0.012505638
646,0.024159025,0.030936643,0.037734233,0.007208807,0.039811216,0.027543537
647,0.024159025,0.030936643,0.037734233,0.007208807,0.039811216,0.027543537
648,0.024159025,0.030936643,0.037734233,0.007208807,0.039811216,0.027543537
649,0.024159025,0.030936643,0.037734233,0.007208807,0.039811216,0.027543537
650,0.024159025,0.030936643,0.037734233,0.007208807,0.039811216,0.027543537
651,0.024159025,0.030936643,0.037734233,0.007208807,0.039811216,0.027543537
652,0.024159025,0.030936643,0.037734233,0.007208807,0.039811216,0.027543537
653,0.024159025,0.030936643,0.037734233,0.007208807,0.039811216,0.027543537
654,0.024159025,0.030936643,0.037734233,0.007208807,0.039811216,0.027543537
655,0.024159025,0.030936643,0.037734233,0.007208807,0.039811216,0.027543537
656,0.024159025,0.030936643,0.037734233,0.007208807,0.039811216,0.027543537
657,0.024159025,0.030936643,0.037734233,0.007208807,0.039811216,0.027543537
658,0.024159025,0.030936643,0.037734233,0.007208807,0.039811216,0.027543537
659,0.03945126,0.025444657,0.055953853,0.005041397,0.07342236,0.04258144
660,0.03945126,0.025444657,0.055953853,0.005041397,0.07342236,0.04258144
661,0.075088724,0.028543573,0.07122339,0.004263937,0.10664473,0.057777446
662,0.075088724,0.028543573,0.07122339,0.004263937,0.10664473,0.057777446
663,0.075088724,0.028543573,0.07122339,0.004263937,0.10664473,0.057777446
664,0.075088724,0.028543573,0.07122339,0.004263937,0.10664473,0.057777446
665,0.075088724,0.028543573,0.07122339,0.004263937,0.10664473,0.057777446
666,0.075088724,0.028543573,0.07122339,0.004263937,0.10664473,0.057777446
667,0.075088724,0.028543573,0.07122339,0.004263937,0.10664473,0.057777446
668,0.075088724,0.028543573,0.07122339,0.004263937,0.10664473,0.057777446
669,0.075088724,0.028543573,0.07122339,0.004263937,0.10664473,0.057777446
670,0.075088724,0.028543573,0.07122339,0.004263937,0.10664473,0.057777446
671,0.075088724,0.028543573,0.07122339,0.004263937,0.10664473,0.057777446
672,0.075088724,0.028543573,0.07122339,0.004263937,0.10664473,0.057777446
673,0.075088724,0.028543573,0.07122339,0.004263937,0.10664473,0.057777446
674,0.110726185,0.03164249,0.08649293,0.003486476,0.1398671,0.07297345
675,0.110726185,0.03164249,0.08649293,0.003486476,0.1398671,0.07297345
676,0.12994875,0.03808388,0.08613127,0.00324674,0.13798216,0.055550426
677,0.12994875,0.03808388,0.08613127,0.00324674,0.13798216,0.055550426
678,0.12994875,0.03808388,0.08613127,0.00324674,0.13798216,0.055550426
679,0.12994875,0.03808388,0.08613127,0.00324674,0.13798216,0.055550426
680,0.12994875,0.03808388,0.08613127,0.00324674,0.13798216,0.055550426
681,0.12994875,0.03808388,0.08613127,0.00324674,0.13798216,0.055550426
682,0.12994875,0.03808388,0.08613127,0.00324674,0.13798216,0.055550426
683,0.12994875,0.03808388,0.08613127,0.00324674,0.13798216,0.055550426
684,0.12994875,0.03808388,0.08613127,0.00324674,0.13798216,0.055550426
685,0.12994875,0.03808388,0.08613127,0.00324674,0.13798216,0.055550426
686,0.12994875,0.03808388,0.08613127,0.00324674,0.13798216,0.055550426
687,0.12994875,0.03808388,0.08613127,0.00324674,0.13798216,0.055550426
688,0.12994875,0.03808388,0.08613127,0.00324674,0.13798216,0.055550426
689,0.14917132,0.04452527,0.0857696,0.003007005,0.13609724,0.038127404
690,0.14917132,0.04452527,0.0857696,0.003007005,0.13609724,0.038127404
691,0.11720854,0.045778606,0.07249556,0.003007927,0.08318659,0.043228894
692,0.11720854,0.045778606,0.07249556,0.003007927,0.08318659,0.043228894
693,0.11720854,0.045778606,0.07249556,0.003007927,0.08318659,0.043228894
694,0.11720854,0.045778606,0.07249556,0.003007927,0.08318659,0.043228894
695,0.11720854,0.045778606,0.07249556,0.003007927,0.08318659,0.043228894
696,0.11720854,0.045778606,0.07249556,0.003007927,0.08318659,0.043228894
697,0.11720854,0.045778606,0.07249556,0.003007927,0.08318659,0.043228894
698,0.11720854,0.045778606,0.07249556,0.003007927,0.08318659,0.043228894
699,0.11720854,0.045778606,0.07249556,0.003007927,0.08318659,0.043228894
700,0.11720854,0.045778606,0.07249556,0.003007927,0.08318659,0.043228894
701,0.11720854,0.045778606,0.07249556,0.003007927,0.08318659,0.043228894
702,0.11720854,0.045778606,0.07249556,0.003007927,0.08318659,0.043228894
703,0.11720854,0.045778606,0.07249556,0.003007927,0.08318659,0.043228894
704,0.08524576,0.047031943,0.059221514,0.00300885,0.03027594,0.048330385
705,0.08524576,0.047031943,0.059221514,0.00300885,0.03027594,0.048330385
706,0.058434226,0.061430477,0.04599023,0.004284127,0.022186667,0.047699064
707,0.058434226,0.061430477,0.04599023,0.004284127,0.022186667,0.047699064
708,0.058434226,0.061430477,0.04599023,0.004284127,0.022186667,0.047699064
709,0.058434226,0.061430477,0.04599023,0.004284127,0.022186667,0.047699064
710,0.058434226,0.061430477,0.04599023,0.004284127,0.022186667,0.047699064
711,0.058434226,0.061430477,0.04599023,0.004284127,0.022186667,0.047699064
712,0.058434226,0.061430477,0.04599023,0.004284127,0.022186667,0.047699064
713,0.058434226,0.061430477,0.04599023,0.004284127,0.022186667,0.047699064
714,0.058434226,0.061430477,0.04599023,0.004284127,0.022186667,0.047699064
715,0.058434226,0.061430477,0.04599023,0.004284127,0.022186667,0.047699064
716,0.058434226,0.061430477,0.04599023,0.004284127,0.022186667,0.047699064
717,0.058434226,0.061430477,0.04599023,0.004284127,0.022186667,0.047699064
718,0.058434226,0.061430477,0.04599023,0.004284127,0.022186667,0.047699064
719,0.031622693,0.07582901,0.032758944,0.005559404,0.014097394,0.047067743
720,0.031622693,0.07582901,0.032758944,0.005559404,0.014097394,0.047067743
721,0.027939238,0.09677142,0.028936993,0.005825131,0.012133941,0.04023187
722,0.027939238,0.09677142,0.028936993,0.005825131,0.012133941,0.04023187
723,0.027939238,0.09677142,0.028936993,0.005825131,0.012133941,0.04023187
724,0.027939238,0.09677142,0.028936993,0.005825131,0.012133941,0.04023187
725,0.027939238,0.09677142,0.028936993,0.005825131,0.012133941,0.04023187
726,0.027939238,0.09677142,0.028936993,0.005825131,0.012133941,0.04023187
727,0.027939238,0.09677142,0.028936993,0.005825131,0.012133941,0.04023187
728,0.027939238,0.09677142,0.028936993,0.005825131,0.012133941,0.04023187
729,0.027939238,0.09677142,0.028936993,0.005825131,0.012133941,0.04023187
730,0.027939238,0.09677142,0.028936993,0.005825131,0.012133941,0.04023187
731,0.027939238,0.09677142,0.028936993,0.005825131,0.012133941,0.04023187
732,0.027939238,0.09677142,0.028936993,0.005825131,0.012133941,0.04023187
733,0.027939238,0.09677142,0.028936993,0.005825131,0.012133941,0.04023187
734,0.024255784,0.11771384,0.025115041,0.006090858,0.01017049,0.03339599
735,0.024255784,0.11771384,0.025115041,0.006090858,0.01017049,0.03339599
736,0.025047317,0.12578653,0.026864227,0.007011677,0.008802529,0.036819305
737,0.025047317,0.12578653,0.026864227,0.007011677,0.008802529,0.036819305
738,0.025047317,0.12578653,0.026864227,0.007011677,0.008802529,0.036819305
739,0.025047317,0.12578653,0.026864227,0.007011677,0.008802529,0.036819305
740,0.025047317,0.12578653,0.026864227,0.007011677,0.008802529,0.036819305
741,0.025047317,0.12578653,0.026864227,0.007011677,0.008802529,0.036819305
742,0.025047317,0.12578653,0.026864227,0.007011677,0.008802529,0.036819305
743,0.025047317,0.12578653,0.026864227,0.007011677,0.008802529,0.036819305
744,0.025047317,0.12578653,0.026864227,0.007011677,0.008802529,0.036819305
745,0.025047317,0.12578653,0.026864227,0.007011677,0.008802529,0.036819305
746,0.025047317,0.12578653,0.026864227,0.007011677,0.008802529,0.036819305
747,0.025047317,0.12578653,0.026864227,0.007011677,0.008802529,0.036819305
748,0.025047317,0.12578653,0.026864227,0.007011677,0.008802529,0.036819305
749,0.025838848,0.13385922,0.028613413,0.007932496,0.007434569,0.04024262
750,0.025838848,0.13385922,0.028613413,0.007932496,0.007434569,0.04024262
751,0.025900427,0.13302904,0.031984635,0.008550786,0.007426383,0.040367447
752,0.025900427,0.13302904,0.031984635,0.008550786,0.007426383,0.040367447
753,0.025900427,0.13302904,0.031984635,0.008550786,0.007426383,0.040367447
754,0.025900427,0.13302904,0.031984635,0.008550786,0.007426383,0.040367447
755,0.025900427,0.13302904,0.031984635,0.008550786,0.007426383,0.040367447
756,0.025900427,0.13302904,0.031984635,0.008550786,0.007426383,0.040367447
757,0.025900427,0.13302904,0.031984635,0.008550786,0.007426383,0.040367447
758,0.025900427,0.13302904,0.031984635,0.008550786,0.007426383,0.040367447
759,0.025900427,0.13302904,0.031984635,0.008550786,0.007426383,0.040367447
760,0.025900427,0.13302904,0.031984635,0.008550786,0.007426383,0.040367447
761,0.025900427,0.13302904,0.031984635,0.008550786,0.007426383,0.040367447
762,0.025900427,0.13302904,0.031984635,0.008550786,0.007426383,0.040367447
763,0.025900427,0.13302904,0.031984635,0.008550786,0.007426383,0.040367447
764,0.025962004,0.13219887,0.03535586,0.009169076,0.007418196,0.040492274
765,0.025962004,0.13219887,0.03535586,0.009169076,0.007418196,0.040492274
766,0.022281557,0.10955769,0.029936718,0.008497331,0.00576083,0.033395965
767,0.022281557,0.10955769,0.029936718,0.008497331,0.00576083,0.033395965
768,0.022281557,0.10955769,0.029936718,0.008497331,0.00576083,0.033395965
769,0.022281557,0.10955769,0.029936718,0.008497331,0.00576083,0.033395965
770,0.022281557,0.10955769,0.029936718,0.008497331,0.00576083,0.033395965
771,0.022281557,0.10955769,0.029936718,0.008497331,0.00576083,0.033395965
772,0.022281557,0.10955769,0.029936718,0.008497331,0.00576083,0.033395965
773,0.022281557,0.10955769,0.029936718,0.008497331,0.00576083,0.033395965
774,0.022281557,0.10955769,0.029936718,0.008497331,0.00576083,0.033395965
775,0.022281557,0.10955769,0.029936718,0.008497331,0.00576083,0.033395965
776,0.022281557,0.10955769,0.029936718,0.008497331,0.00576083,0.033395965
777,0.022281557,0.10955769,0.029936718,0.008497331,0.00576083,0.033395965
778,0.022281557,0.10955769,0.029936718,0.008497331,0.00576083,0.033395965
779,0.01860111,0.086916514,0.024517577,0.007825588,0.004103464,0.026299654
780,0.01860111,0.086916514,0.024517577,0.007825588,0.004103464,0.026299654
781,0.017784089,0.089219436,0.023794826,0.009181771,0.004729698,0.026955135
782,0.017784089,0.089219436,0.023794826,0.009181771,0.004729698,0.026955135
783,0.017784089,0.089219436,0.023794826,0.009181771,0.004729698,0.026955135
784,0.017784089,0.089219436,0.023794826,0.009181771,0.004729698,0.026955135
785,0.017784089,0.089219436,0.023794826,0.009181771,0.004729698,0.026955135
786,0.017784089,0.089219436,0.023794826,0.009181771,0.004729698,0.026955135
787,0.017784089,0.089219436,0.023794826,0.009181771,0.004729698,0.026955135
788,0.017784089,0.089219436,0.023794826,0.009181771,0.004729698,0.026955135
789,0.017784089,0.089219436,0.023794826,0.009181771,0.004729698,0.026955135
790,0.017784089,0.089219436,0.023794826,0.009181771,0.004729698,0.026955135
791,0.017784089,0.089219436,0.023794826,0.009181771,0.004729698,0.026955135
792,0.017784089,0.089219436,0.023794826,0.009181771,0.004729698,0.026955135
793,0.017784089,0.089219436,0.023794826,0.009181771,0.004729698,0.026955135
794,0.016967066,0.091522366,0.023072073,0.010537955,0.005355932,0.027610617
795,0.016967066,0.091522366,0.023072073,0.010537955,0.005355932,0.027610617
796,0.020619314,0.106624216,0.028299868,0.010578945,0.005398512,0.04004833
797,0.020619314,0.106624216,0.028299868,0.010578945,0.005398512,0.04004833
798,0.020619314,0.106624216,0.028299868,0.010578945,0.005398512,0.04004833
799,0.020619314,0.106624216,0.028299868,0.010578945,0.005398512,0.04004833
800,0.020619314,0.106624216,0.028299868,0.010578945,0.005398512,0.04004833
801,0.020619314,0.106624216,0.028299868,0.010578945,0.005398512,0.04004833
802,0.020619314,0.106624216,0.028299868,0.010578945,0.005398512,0.04004833
803,0.020619314,0.106624216,0.028299868,0.010578945,0.005398512,0.04004833
804,0.020619314,0.106624216,0.028299868,0.010578945,0.005398512,0.04004833
805,0.020619314,0.106624216,0.028299868,0.010578945,0.005398512,0.04004833
806,0.020619314,0.106624216,0.028299868,0.010578945,0.005398512,0.04004833
807,0.020619314,0.106624216,0.028299868,0.010578945,0.005398512,0.04004833
808,0.020619314,0.106624216,0.028299868,0.010578945,0.005398512,0.04004833
809,0.02427156,0.121726066,0.03352766,0.010619935,0.005441092,0.052486043
810,0.02427156,0.121726066,0.03352766,0.010619935,0.005441092,0.052486043
811,0.030429587,0.0908758,0.04099968,0.008618875,0.004788585,0.061232448
812,0.030429587,0.0908758,0.04099968,0.008618875,0.004788585,0.061232448
813,0.030429587,0.0908758,0.04099968,0.008618875,0.004788585,0.061232448
814,0.030429587,0.0908758,0.04099968,0.008618875,0.004788585,0.061232448
815,0.030429587,0.0908758,0.04099968,0.008618875,0.004788585,0.061232448
816,0.030429587,0.0908758,0.04099968,0.008618875,0.004788585,0.061232448
817,0.030429587,0.0908758,0.04099968,0.008618875,0.004788585,0.061232448
818,0.030429587,0.0908758,0.04099968,0.008618875,0.004788585,0.061232448
819,0.030429587,0.0908758,0.04099968,0.008618875,0.004788585,0.061232448
820,0.030429587,0.0908758,0.04099968,0.008618875,0.004788585,0.061232448
821,0.030429587,0.0908758,0.04099968,0.008618875,0.004788585,0.061232448
822,0.030429587,0.0908758,0.04099968,0.008618875,0.004788585,0.061232448
823,0.030429587,0.0908758,0.04099968,0.008618875,0.004788585,0.061232448
824,0.03658761,0.060025528,0.048471697,0.006617817,0.004136079,0.06997885
825,0.03658761,0.060025528,0.048471697,0.006617817,0.004136079,0.06997885
826,0.054706365,0.054854646,0.07086629,0.007286451,0.004891611,0.09473016
827,0.054706365,0.054854646,0.07086629,0.007286451,0.004891611,0.09473016
828,0.054706365,0.054854646,0.07086629,0.007286451,0.004891611,0.09473016
829,0.054706365,0.054854646,0.07086629,0.007286451,0.004891611,0.09473016
830,0.054706365,0.054854646,0.07086629,0.007286451,0.004891611,0.09473016
831,0.054706365,0.054854646,0.07086629,0.007286451,0.004891611,0.09473016
832,0.054706365,0.054854646,0.07086629,0.007286451,0.004891611,0.09473016
833,0.054706365,0.054854646,0.07086629,0.007286451,0.004891611,0.09473016
834,0.054706365,0.054854646,0.07086629,0.007286451,0.004891611,0.09473016
835,0.054706365,0.054854646,0.07086629,0.007286451,0.004891611,0.09473016
836,0.054706365,0.054854646,0.07086629,0.007286451,0.004891611,0.09473016
837,0.054706365,0.054854646,0.07086629,0.007286451,0.004891611,0.09473016
838,0.054706365,0.054854646,0.07086629,0.007286451,0.004891611,0.09473016
839,0.07282512,0.04968377,0.09326087,0.007955086,0.005647144,0.119481474
840,0.07282512,0.04968377,0.09326087,0.007955086,0.005647144,0.119481474
841,0.06476013,0.0643885,0.083039634,0.0095771,0.006063025,0.102659
842,0.06476013,0.0643885,0.083039634,0.0095771,0.006063025,0.102659
843,0.06476013,0.0643885,0.083039634,0.0095771,0.006063025,0.102659
844,0.06476013,0.0643885,0.083039634,0.0095771,0.006063025,0.102659
845,0.06476013,0.0643885,0.083039634,0.0095771,0.006063025,0.102659
846,0.06476013,0.0643885,0.083039634,0.0095771,0.006063025,0.102659
847,0.06476013,0.0643885,0.083039634,0.0095771,0.006063025,0.102659
848,0.06476013,0.0643885,0.083039634,0.0095771,0.006063025,0.102659
849,0.06476013,0.0643885,0.083039634,0.0095771,0.006063025,0.102659
850,0.06476013,0.0643885,0.083039634,0.0095771,0.006063025,0.102659
851,0.06476013,0.0643885,0.083039634,0.0095771,0.006063025,0.102659
852,0.06476013,0.0643885,0.083039634,0.0095771,0.006063025,0.102659
853,0.06476013,0.0643885,0.083039634,0.0095771,0.006063025,0.102659
854,0.05669515,0.079093225,0.0728184,0.011199115,0.006478905,0.08583652
855,0.05669515,0.079093225,0.0728184,0.011199115,0.006478905,0.08583652
856,0.04924081,0.09509708,0.06787877,0.013111939,0.006562368,0.08073573
857,0.04924081,0.09509708,0.06787877,0.013111939,0.006562368,0.08073573
858,0.04924081,0.09509708,0.06787877,0.013111939,0.006562368,0.08073573
859,0.04924081,0.09509708,0.06787877,0.013111939,0.006562368,0.08073573
860,0.04924081,0.09509708,0.06787877,0.013111939,0.006562368,0.08073573
861,0.04924081,0.09509708,0.06787877,0.013111939,0.006562368,0.08073573
862,0.04924081,0.09509708,0.06787877,0.013111939,0.006562368,0.08073573
863,0.04924081,0.09509708,0.06787877,0.013111939,0.006562368,0.08073573
864,0.04924081,0.09509708,0.06787877,0.013111939,0.006562368,0.08073573
865,0.04924081,0.09509708,0.06787877,0.013111939,0.006562368,0.08073573
866,0.04924081,0.09509708,0.06787877,0.013111939,0.006562368,0.08073573
867,0.04924081,0.09509708,0.06787877,0.013111939,0.006562368,0.08073573
868,0.04924081,0.09509708,0.06787877,0.013111939,0.006562368,0.08073573
869,0.04178647,0.111100934,0.06293914,0.015024763,0.006645832,0.07563493
870,0.04178647,0.111100934,0.06293914,0.015024763,0.006645832,0.07563493
871,0.042862613,0.08981918,0.057998333,0.01122478,0.005528849,0.0778662
872,0.042862613,0.08981918,0.057998333,0.01122478,0.005528849,0.0778662
873,0.042862613,0.08981918,0.057998333,0.01122478,0.005528849,0.0778662
874,0.042862613,0.08981918,0.057998333,0.01122478,0.005528849,0.0778662
875,0.042862613,0.08981918,0.057998333,0.01122478,0.005528849,0.0778662
876,0.042862613,0.08981918,0.057998333,0.01122478,0.005528849,0.0778662
877,0.042862613,0.08981918,0.057998333,0.01122478,0.005528849,0.0778662
878,0.042862613,0.08981918,0.057998333,0.01122478,0.005528849,0.0778662
879,0.042862613,0.08981918,0.057998333,0.01122478,0.005528849,0.0778662
880,0.042862613,0.08981918,0.057998333,0.01122478,0.005528849,0.0778662
881,0.042862613,0.08981918,0.057998333,0.01122478,0.005528849,0.0778662
882,0.042862613,0.08981918,0.057998333,0.01122478,0.005528849,0.0778662
883,0.042862613,0.08981918,0.057998333,0.01122478,0.005528849,0.0778662
884,0.043938756,0.068537414,0.05305753,0.007424798,0.004411866,0.08009746
885,0.043938756,0.068537414,0.05305753,0.007424798,0.004411866,0.08009746
886,0.04493405,0.069793515,0.04151781,0.006913974,0.004260411,0.05565495
887,0.04493405,0.069793515,0.04151781,0.006913974,0.004260411,0.05565495
888,0.04493405,0.069793515,0.04151781,0.006913974,0.004260411,0.05565495
889,0.04493405,0.069793515,0.04151781,0.006913974,0.004260411,0.05565495
890,0.04493405,0.069793515,0.04151781,0.006913974,0.004260411,0.05565495
891,0.04493405,0.069793515,0.04151781,0.006913974,0.004260411,0.05565495
892,0.04493405,0.069793515,0.04151781,0.006913974,0.004260411,0.05565495
893,0.04493405,0.069793515,0.04151781,0.006913974,0.004260411,0.05565495
894,0.04493405,0.069793515,0.04151781,0.006913974,0.004260411,0.05565495
895,0.04493405,0.069793515,0.04151781,0.006913974,0.004260411,0.05565495
896,0.04493405,0.069793515,0.04151781,0.006913974,0.004260411,0.05565495
897,0.04493405,0.069793515,0.04151781,0.006913974,0.004260411,0.05565495
898,0.04493405,0.069793515,0.04151781,0.006913974,0.004260411,0.05565495
899,0.04592934,0.071049616,0.029978087,0.006403149,0.004108955,0.031212445
900,0.04592934,0.071049616,0.029978087,0.006403149,0.004108955,0.031212445
901,0.060779728,0.092774116,0.039797656,0.007401758,0.004401549,0.028328938
902,0.060779728,0.092774116,0.039797656,0.007401758,0.004401549,0.028328938
903,0.060779728,0.092774116,0.039797656,0.007401758,0.004401549,0.028328938
904,0.060779728,0.092774116,0.039797656,0.007401758,0.004401549,0.028328938
905,0.060779728,0.092774116,0.039797656,0.007401758,0.004401549,0.028328938
906,0.060779728,0.092774116,0.039797656,0.007401758,0.004401549,0.028328938
907,0.060779728,0.092774116,0.039797656,0.007401758,0.004401549,0.028328938
908,0.060779728,0.092774116,0.039797656,0.007401758,0.004401549,0.028328938
909,0.060779728,0.092774116,0.039797656,0.007401758,0.004401549,0.028328938
910,0.060779728,0.092774116,0.039797656,0.007401758,0.004401549,0.028328938
911,0.060779728,0.092774116,0.039797656,0.007401758,0.004401549,0.028328938
912,0.060779728,0.092774116,0.039797656,0.007401758,0.004401549,0.028328938
913,0.060779728,0.092774116,0.039797656,0.007401758,0.004401549,0.028328938
914,0.07563012,0.114498615,0.049617227,0.008400367,0.004694142,0.025445431
915,0.07563012,0.114498615,0.049617227,0.008400367,0.004694142,0.025445431
916,0.1068943,0.20027803,0.06144414,0.009289098,0.005001172,0.029124975
917,0.1068943,0.20027803,0.06144414,0.009289098,0.005001172,0.029124975
918,0.1068943,0.20027803,0.06144414,0.009289098,0.005001172,0.029124975
919,0.1068943,0.20027803,0.06144414,0.009289098,0.005001172,0.029124975
920,0.1068943,0.20027803,0.06144414,0.009289098,0.005001172,0.029124975
921,0.1068943,0.20027803,0.06144414,0.009289098,0.005001172,0.029124975
922,0.1068943,0.20027803,0.06144414,0.009289098,0.005001172,0.029124975
923,0.1068943,0.20027803,0.06144414,0.009289098,0.005001172,0.029124975
924,0.1068943,0.20027803,0.06144414,0.009289098,0.005001172,0.029124975
925,0.1068943,0.20027803,0.06144414,0.009289098,0.005001172,0.029124975
926,0.1068943,0.20027803,0.06144414,0.009289098,0.005001172,0.029124975
927,0.1068943,0.20027803,0.06144414,0.009289098,0.005001172,0.029124975
928,0.1068943,0.20027803,0.06144414,0.009289098,0.005001172,0.029124975
929,0.13815847,0.28605744,0.07327105,0.010177829,0.005308201,0.03280452
930,0.13815847,0.28605744,0.07327105,0.010177829,0.005308201,0.03280452
931,0.14356107,0.1760207,0.054088317,0.007105671,0.005397799,0.03529171
932,0.14356107,0.1760207,0.054088317,0.007105671,0.005397799,0.03529171
933,0.14356107,0.1760207,0.054088317,0.007105671,0.005397799,0.03529171
934,0.14356107,0.1760207,0.054088317,0.007105671,0.005397799,0.03529171
935,0.14356107,0.1760207,0.054088317,0.007105671,0.005397799,0.03529171
936,0.14356107,0.1760207,0.054088317,0.007105671,0.005397799,0.03529171
937,0.14356107,0.1760207,0.054088317,0.007105671,0.005397799,0.03529171
938,0.14356107,0.1760207,0.054088317,0.007105671,0.005397799,0.03529171
939,0.14356107,0.1760207,0.054088317,0.007105671,0.005397799,0.03529171
940,0.14356107,0.1760207,0.054088317,0.007105671,0.005397799,0.03529171
941,0.14356107,0.1760207,0.054088317,0.007105671,0.005397799,0.03529171
942,0.14356107,0.1760207,0.054088317,0.007105671,0.005397799,0.03529171
943,0.14356107,0.1760207,0.054088317,0.007105671,0.005397799,0.03529171
944,0.14896367,0.06598396,0.034905586,0.004033513,0.005487398,0.037778903
945,0.14896367,0.06598396,0.034905586,0.004033513,0.005487398,0.037778903
946,0.11921719,0.039101593,0.031665593,0.003436731,0.005319082,0.041480318
947,0.11921719,0.039101593,0.031665593,0.003436731,0.005319082,0.041480318
948,0.11921719,0.039101593,0.031665593,0.003436731,0.005319082,0.041480318
949,0.11921719,0.039101593,0.031665593,0.003436731,0.005319082,0.041480318
